Workbook

Sheet Dados COTA-ÁREA-VOLUME
G2: HIDROLOGIA
G3: BALANÇO DE RESERVATÓRIO
B4: PROGRAMA DE MONITORIA DO DECA 2022.2 - MONITOR EMANUEL GOMES SOARES
A6: Cota (m) | B6: Área (m2) | C6: Volume (m3)
A7: 340.36 | B7: 0 | C7: 0
A8: 342.36 | B8: 200 | C8: 4000
A9: 343 | B9: 37223 | C9: 16994
A10: 344 | B10: 70593 | C10: 70593
A11: 345 | B11: 142867 | C11: 174286
A12: 346 | B12: 257180 | C12: 366771
A13: 347 | B13: 421869 | C13: 707956
A14: 348 | B14: 631536 | C14: 1230617
A15: 349 | B15: 873903 | C15: 1981542
A16: 350 | B16: 1158564 | C16: 2990176
A17: 351 | B17: 1506467 | C17: 4314820
A18: 352 | B18: 1866251 | C18: 5996469
... A49: 380 | B49: 45587858 | C49: 501383005

Sheet Dados de demanda e evaporação
G2: HIDROLOGIA
G3: BALANÇO DE RESERVATÓRIO
B4: PROGRAMA DE MONITORIA DO DECA 2022.2 - MONITOR EMANUEL GOMES SOARES
A6: Mês | B6: Qdem (m3/s) | C6: Evp (mm) | D6: Evp (m)
A7: Janeiro | B7: 0.6 | C7: 161.2 | D7: =Tabela2[[#This Row],[Evp (mm)]]/1000 -> 0.1612
A8: Fevereiro | B8: 0.6 | C8: 142.8 | D8: =Tabela2[[#This Row],[Evp (mm)]]/1000 -> 0.1428
A9: Março | B9: 0.6 | C9: 139.5 | D9: =Tabela2[[#This Row],[Evp (mm)]]/1000 -> 0.1395
A10: Abril | B10: 0.6 | C10: 114 | D10: =Tabela2[[#This Row],[Evp (mm)]]/1000 -> 0.114
A11: Maio | B11: 0.6 | C11: 89.9 | D11: =Tabela2[[#This Row],[Evp (mm)]]/1000 -> 0.0899
A12: Junho | B12: 0.6 | C12: 75 | D12: =Tabela2[[#This Row],[Evp (mm)]]/1000 -> 0.075
A13: Julho | B13: 0.6 | C13: 80.6 | D13: =Tabela2[[#This Row],[Evp (mm)]]/1000 -> 0.0806
A14: Agosto | B14: 0.6 | C14: 99.2 | D14: =Tabela2[[#This Row],[Evp (mm)]]/1000 -> 0.0992
A15: Setembro | B15: 0.6 | C15: 126 | D15: =Tabela2[[#This Row],[Evp (mm)]]/1000 -> 0.126
A16: Outubro | B16: 0.6 | C16: 151.9 | D16: =Tabela2[[#This Row],[Evp (mm)]]/1000 -> 0.1519
A17: Novembro | B17: 0.6 | C17: 156 | D17: =Tabela2[[#This Row],[Evp (mm)]]/1000 -> 0.156
A18: Dezembro | B18: 0.6 | C18: 161.2 | D18: =Tabela2[[#This Row],[Evp (mm)]]/1000 -> 0.1612

Sheet Vazões afluentes
A3: c) Vazões afluentes
A6: Mês | B6: Vazão Afluente (m3/s)
A7: 31778 | B7: 7.4
A8: 31809 | B8: 18.2
A9: 31837 | B9: 33.6
A10: 31868 | B10: 18.5
A11: 31898 | B11: 9.5
A12: 31929 | B12: 26.9
A13: 31959 | B13: 19
A14: 31990 | B14: 13.7
A15: 32021 | B15: 10.1
A16: 32051 | B16: 6.6
A17: 32082 | B17: 4.5
A18: 32112 | B18: 4.7
... A42: 32843 | B42: 10.1

Sheet Dados de precipitação
A3: c) Precipitação
A6: Mês | B6: Precipitação (em mm)
A7: 44562 | B7: 74.5
A8: 44593 | B8: 104.6
A9: 44621 | B9: 227.2
A10: 44652 | B10: 246
A11: 44682 | B11: 61.6
A12: 44713 | B12: 257.6
A13: 44743 | B13: 170.2
A14: 44774 | B14: 100.2
A15: 44805 | B15: 35.3
A16: 44835 | B16: 37.9
A17: 44866 | B17: 5.4
A18: 44896 | B18: 8.3
... A42: 45627 | B42: 76.7

Sheet Dimensionamento (2017)
G2: HIDROLOGIA
G3: BALANÇO DE RESERVATÓRIO
B4: PROGRAMA DE MONITORIA DO DECA 2022.2 - MONITOR EMANUEL GOMES SOARES
A5: com equação linear
A8: Volume inicial (m3) | D8: =15312665.88 -> 15312666 | F8: AESA 28/02/2017
A9: Capacidade total de armazenamento | D9: 411686287 | E9: AESA
A10: volume de porão | D10: =1%*$D$9 -> 4116862.9
A11: Capacidade útil de armazenamento | D11: =D9-D10 -> 4.0756942e+08
E14: EVAPOTRANSPIRAÇÃO | H14: DEMANDA
A15: Mês | B15: Número de dias do mês | C15: Volume (em m3) | D15: Área (m2) | E15: Evaporação | F15: Volume referente a E (m3) | G15: Afluxo Líquido (m3) | H15: Demandas (m3/s) | I15: Volumes das demandas (m3) | J15: Volumes acumulados | K15: Volume final do mês
A16: 42795 | B16: 31 | C16: =$D$8 -> 15312666 | D16: =0.2297*(C16)+226886 -> 3744205.4 | E16: ='Dados de demanda e evaporação'!$D$9 -> 0.1395 | F16: =E16*D16 -> 522316.65 | G16: =(C16-F16) -> 14790349 | H16: ='Dados de demanda e evaporação'!$B$7 -> 0.6 | I16: =H16*B16*(3600*24) -> 1607040 | J16: =G16-I16 -> 13183309 | K16: =IF(J16<$D$9,J16,$D$9) -> 13183309
A17: 42826 | B17: 30 | C17: =K16 -> 13183309 | D17: =22.256*C17^0.7153 -> 2756770.4 | E17: ='Dados de demanda e evaporação'!$D$10 -> 0.114 | F17: =E17*D17 -> 314271.82 | G17: =(C17-F17) -> 12869037 | H17: ='Dados de demanda e evaporação'!$B$7 -> 0.6 | I17: =H17*B17*(3600*24) -> 1555200 | J17: =G17-I17 -> 11313837 | K17: =IF(J17<$D$9,J17,$D$9) -> 11313837
A18: 42856 | B18: 31 | C18: =K17 -> 11313837 | D18: =22.256*C18^0.7153 -> 2471122.6 | E18: ='Dados de demanda e evaporação'!$D$11 -> 0.0899 | F18: =E18*D18 -> 222153.92 | G18: =(C18-F18) -> 11091683 | H18: ='Dados de demanda e evaporação'!$B$7 -> 0.6 | I18: =H18*B18*(3600*24) -> 1607040 | J18: =G18-I18 -> 9484643.5 | K18: =IF(J18<$D$9,J18,$D$9) -> 9484643.5 | M18: VOLUME MÍNIMO | O18: =MIN(K16:K23) -> 798583.24
A19: 42887 | B19: 30 | C19: =K18 -> 9484643.5 | D19: =22.256*C19^0.7153 -> 2178262.6 | E19: ='Dados de demanda e evaporação'!$D$12 -> 0.075 | F19: =E19*D19 -> 163369.7 | G19: =(C19-F19) -> 9321273.8 | H19: ='Dados de demanda e evaporação'!$B$7 -> 0.6 | I19: =H19*B19*(3600*24) -> 1555200 | J19: =G19-I19 -> 7766073.8 | K19: =IF(J19<$D$9,J19,$D$9) -> 7766073.8
A20: 42917 | B20: 31 | C20: =K19 -> 7766073.8 | D20: =22.256*C20^0.7153 -> 1888027.2 | E20: ='Dados de demanda e evaporação'!$D$13 -> 0.0806 | F20: =E20*D20 -> 152175 | G20: =(C20-F20) -> 7613898.8 | H20: ='Dados de demanda e evaporação'!$B$7 -> 0.6 | I20: =H20*B20*(3600*24) -> 1607040 | J20: =G20-I20 -> 6006858.8 | K20: =IF(J20<$D$9,J20,$D$9) -> 6006858.8
A21: 42948 | B21: 31 | C21: =K20 -> 6006858.8 | D21: =22.256*C21^0.7153 -> 1571135.4 | E21: ='Dados de demanda e evaporação'!$D$14 -> 0.0992 | F21: =E21*D21 -> 155856.63 | G21: =(C21-F21) -> 5851002.2 | H21: ='Dados de demanda e evaporação'!$B$7 -> 0.6 | I21: =H21*B21*(3600*24) -> 1607040 | J21: =G21-I21 -> 4243962.2 | K21: =IF(J21<$D$9,J21,$D$9) -> 4243962.2
A22: 42979 | B22: 30 | C22: =K21 -> 4243962.2 | D22: =22.256*C22^0.7153 -> 1225440 | E22: ='Dados de demanda e evaporação'!$D$15 -> 0.126 | F22: =E22*D22 -> 154405.45 | G22: =(C22-F22) -> 4089556.7 | H22: ='Dados de demanda e evaporação'!$B$7 -> 0.6 | I22: =H22*B22*(3600*24) -> 1555200 | J22: =G22-I22 -> 2534356.7 | K22: =IF(J22<$D$9,J22,$D$9) -> 2534356.7
A23: 43009 | B23: 31 | C23: =K22 -> 2534356.7 | D23: =22.256*C23^0.7153 -> 847488.3 | E23: ='Dados de demanda e evaporação'!$D$16 -> 0.1519 | F23: =E23*D23 -> 128733.47 | G23: =(C23-F23) -> 2405623.2 | H23: ='Dados de demanda e evaporação'!$B$7 -> 0.6 | I23: =H23*B23*(3600*24) -> 1607040 | J23: =G23-I23 -> 798583.24 | K23: =IF(J23<$D$9,J23,$D$9) -> 798583.24
A24: 43040 | B24: 30 | C24: =K23 -> 798583.24 | D24: =22.256*C24^0.7153 -> 371002.42 | E24: ='Dados de demanda e evaporação'!$D$17 -> 0.156 | F24: =E24*D24 -> 57876.378 | G24: =(C24-F24) -> 740706.86 | H24: ='Dados de demanda e evaporação'!$B$7 -> 0.6 | I24: =H24*B24*(3600*24) -> 1555200 | J24: =G24-I24 -> -814493.14 | K24: =IF(J24<$D$9,J24,$D$9) -> -814493.14 | L24: volume zerou pois deu negativo!
A25: 43070 | B25: 31 | C25: =K24 -> -814493.14 | D25: =22.256*C25^0.7153 -> #NUM! | E25: ='Dados de demanda e evaporação'!$D$18 -> 0.1612 | F25: =E25*D25 -> #NUM! | G25: =(C25-F25) -> #NUM! | H25: ='Dados de demanda e evaporação'!$B$7 -> 0.6 | I25: =H25*B25*(3600*24) -> 1607040 | J25: =G25-I25 -> #NUM! | K25: =IF(J25<$D$9,J25,$D$9) -> #NUM!
A26: 43101 | B26: 31 | C26: =K25 -> #NUM! | D26: =22.256*C26^0.7153 -> #NUM! | E26: ='Dados de demanda e evaporação'!$D$7 -> 0.1612 | F26: =E26*D26 -> #NUM! | G26: =(C26-F26) -> #NUM! | H26: ='Dados de demanda e evaporação'!$B$7 -> 0.6 | I26: =H26*B26*(3600*24) -> 1607040 | J26: =G26-I26 -> #NUM! | K26: =IF(J26<$D$9,J26,$D$9) -> #NUM!
A27: 43132 | B27: 28 | C27: =K26 -> #NUM! | D27: =22.256*C27^0.7153 -> #NUM! | E27: ='Dados de demanda e evaporação'!$D$8 -> 0.1428 | F27: =E27*D27 -> #NUM! | G27: =(C27-F27) -> #NUM! | H27: ='Dados de demanda e evaporação'!$B$7 -> 0.6 | I27: =H27*B27*(3600*24) -> 1451520 | J27: =G27-I27 -> #NUM! | K27: =IF(J27<$D$9,J27,$D$9) -> #NUM!
A28: 43160 | B28: 31 | C28: =K27 -> #NUM! | D28: =22.256*C28^0.7153 -> #NUM! | E28: ='Dados de demanda e evaporação'!$D$9 -> 0.1395 | F28: =E28*D28 -> #NUM! | G28: =(C28-F28) -> #NUM! | H28: ='Dados de demanda e evaporação'!$B$7 -> 0.6 | I28: =H28*B28*(3600*24) -> 1607040 | J28: =G28-I28 -> #NUM! | K28: =IF(J28<$D$9,J28,$D$9) -> #NUM!
A29: 43191 | B29: 30 | C29: =K28 -> #NUM! | D29: =22.256*C29^0.7153 -> #NUM! | E29: ='Dados de demanda e evaporação'!$D$10 -> 0.114 | F29: =E29*D29 -> #NUM! | G29: =(C29-F29) -> #NUM! | H29: ='Dados de demanda e evaporação'!$B$7 -> 0.6 | I29: =H29*B29*(3600*24) -> 1555200 | J29: =G29-I29 -> #NUM! | K29: =IF(J29<$D$9,J29,$D$9) -> #NUM!
A30: 43221 | B30: 31 | C30: =K29 -> #NUM! | D30: =22.256*C30^0.7153 -> #NUM! | E30: ='Dados de demanda e evaporação'!$D$11 -> 0.0899 | F30: =E30*D30 -> #NUM! | G30: =(C30-F30) -> #NUM! | H30: ='Dados de demanda e evaporação'!$B$7 -> 0.6 | I30: =H30*B30*(3600*24) -> 1607040 | J30: =G30-I30 -> #NUM! | K30: =IF(J30<$D$9,J30,$D$9) -> #NUM!
A31: 43252 | B31: 30 | C31: =K30 -> #NUM! | D31: =22.256*C31^0.7153 -> #NUM! | E31: ='Dados de demanda e evaporação'!$D$12 -> 0.075 | F31: =E31*D31 -> #NUM! | G31: =(C31-F31) -> #NUM! | H31: ='Dados de demanda e evaporação'!$B$7 -> 0.6 | I31: =H31*B31*(3600*24) -> 1555200 | J31: =G31-I31 -> #NUM! | K31: =IF(J31<$D$9,J31,$D$9) -> #NUM!
A32: 43282 | B32: 31 | C32: =K31 -> #NUM! | D32: =22.256*C32^0.7153 -> #NUM! | E32: ='Dados de demanda e evaporação'!$D$13 -> 0.0806 | F32: =E32*D32 -> #NUM! | G32: =(C32-F32) -> #NUM! | H32: ='Dados de demanda e evaporação'!$B$7 -> 0.6 | I32: =H32*B32*(3600*24) -> 1607040 | J32: =G32-I32 -> #NUM! | K32: =IF(J32<$D$9,J32,$D$9) -> #NUM!
A33: 43313 | B33: 31 | C33: =K32 -> #NUM! | D33: =22.256*C33^0.7153 -> #NUM! | E33: ='Dados de demanda e evaporação'!$D$14 -> 0.0992 | F33: =E33*D33 -> #NUM! | G33: =(C33-F33) -> #NUM! | H33: ='Dados de demanda e evaporação'!$B$7 -> 0.6 | I33: =H33*B33*(3600*24) -> 1607040 | J33: =G33-I33 -> #NUM! | K33: =IF(J33<$D$9,J33,$D$9) -> #NUM!
A34: 43344 | B34: 30 | C34: =K33 -> #NUM! | D34: =22.256*C34^0.7153 -> #NUM! | E34: ='Dados de demanda e evaporação'!$D$15 -> 0.126 | F34: =E34*D34 -> #NUM! | G34: =(C34-F34) -> #NUM! | H34: ='Dados de demanda e evaporação'!$B$7 -> 0.6 | I34: =H34*B34*(3600*24) -> 1555200 | J34: =G34-I34 -> #NUM! | K34: =IF(J34<$D$9,J34,$D$9) -> #NUM!
A35: 43374 | B35: 31 | C35: =K34 -> #NUM! | D35: =22.256*C35^0.7153 -> #NUM! | E35: ='Dados de demanda e evaporação'!$D$16 -> 0.1519 | F35: =E35*D35 -> #NUM! | G35: =(C35-F35) -> #NUM! | H35: ='Dados de demanda e evaporação'!$B$7 -> 0.6 | I35: =H35*B35*(3600*24) -> 1607040 | J35: =G35-I35 -> #NUM! | K35: =IF(J35<$D$9,J35,$D$9) -> #NUM!
A36: 43405 | B36: 30 | C36: =K35 -> #NUM! | D36: =22.256*C36^0.7153 -> #NUM! | E36: ='Dados de demanda e evaporação'!$D$17 -> 0.156 | F36: =E36*D36 -> #NUM! | G36: =(C36-F36) -> #NUM! | H36: ='Dados de demanda e evaporação'!$B$7 -> 0.6 | I36: =H36*B36*(3600*24) -> 1555200 | J36: =G36-I36 -> #NUM! | K36: =IF(J36<$D$9,J36,$D$9) -> #NUM!
A37: 43435 | B37: 31 | C37: =K36 -> #NUM! | D37: =22.256*C37^0.7153 -> #NUM! | E37: ='Dados de demanda e evaporação'!$D$18 -> 0.1612 | F37: =E37*D37 -> #NUM! | G37: =(C37-F37) -> #NUM! | H37: ='Dados de demanda e evaporação'!$B$7 -> 0.6 | I37: =H37*B37*(3600*24) -> 1607040 | J37: =G37-I37 -> #NUM! | K37: =IF(J37<$D$9,J37,$D$9) -> #NUM!
A38: 43466 | B38: 31 | C38: =K37 -> #NUM! | D38: =22.256*C38^0.7153 -> #NUM! | E38: ='Dados de demanda e evaporação'!$D$7 -> 0.1612 | F38: =E38*D38 -> #NUM! | G38: =(C38-F38) -> #NUM! | H38: ='Dados de demanda e evaporação'!$B$7 -> 0.6 | I38: =H38*B38*(3600*24) -> 1607040 | J38: =G38-I38 -> #NUM! | K38: =IF(J38<$D$9,J38,$D$9) -> #NUM!
A39: 43497 | B39: 28 | C39: =K38 -> #NUM! | D39: =22.256*C39^0.7153 -> #NUM! | E39: ='Dados de demanda e evaporação'!$D$8 -> 0.1428 | F39: =E39*D39 -> #NUM! | G39: =(C39-F39) -> #NUM! | H39: ='Dados de demanda e evaporação'!$B$7 -> 0.6 | I39: =H39*B39*(3600*24) -> 1451520 | J39: =G39-I39 -> #NUM! | K39: =IF(J39<$D$9,J39,$D$9) -> #NUM!
A40: 43525 | B40: 31 | C40: =K39 -> #NUM! | D40: =22.256*C40^0.7153 -> #NUM! | E40: ='Dados de demanda e evaporação'!$D$9 -> 0.1395 | F40: =E40*D40 -> #NUM! | G40: =(C40-F40) -> #NUM! | H40: ='Dados de demanda e evaporação'!$B$7 -> 0.6 | I40: =H40*B40*(3600*24) -> 1607040 | J40: =G40-I40 -> #NUM! | K40: =IF(J40<$D$9,J40,$D$9) -> #NUM!
A41: 43556 | B41: 30 | C41: =K40 -> #NUM! | D41: =22.256*C41^0.7153 -> #NUM! | E41: ='Dados de demanda e evaporação'!$D$10 -> 0.114 | F41: =E41*D41 -> #NUM! | G41: =(C41-F41) -> #NUM! | H41: ='Dados de demanda e evaporação'!$B$7 -> 0.6 | I41: =H41*B41*(3600*24) -> 1555200 | J41: =G41-I41 -> #NUM! | K41: =IF(J41<$D$9,J41,$D$9) -> #NUM!
A42: 43586 | B42: 31 | C42: =K41 -> #NUM! | D42: =22.256*C42^0.7153 -> #NUM! | E42: ='Dados de demanda e evaporação'!$D$11 -> 0.0899 | F42: =E42*D42 -> #NUM! | G42: =(C42-F42) -> #NUM! | H42: ='Dados de demanda e evaporação'!$B$7 -> 0.6 | I42: =H42*B42*(3600*24) -> 1607040 | J42: =G42-I42 -> #NUM! | K42: =IF(J42<$D$9,J42,$D$9) -> #NUM!
A43: 43617 | B43: 30 | C43: =K42 -> #NUM! | D43: =22.256*C43^0.7153 -> #NUM! | E43: ='Dados de demanda e evaporação'!$D$12 -> 0.075 | F43: =E43*D43 -> #NUM! | G43: =(C43-F43) -> #NUM! | H43: ='Dados de demanda e evaporação'!$B$7 -> 0.6 | I43: =H43*B43*(3600*24) -> 1555200 | J43: =G43-I43 -> #NUM! | K43: =IF(J43<$D$9,J43,$D$9) -> #NUM!
A44: 43647 | B44: 31 | C44: =K43 -> #NUM! | D44: =22.256*C44^0.7153 -> #NUM! | E44: ='Dados de demanda e evaporação'!$D$13 -> 0.0806 | F44: =E44*D44 -> #NUM! | G44: =(C44-F44) -> #NUM! | H44: ='Dados de demanda e evaporação'!$B$7 -> 0.6 | I44: =H44*B44*(3600*24) -> 1607040 | J44: =G44-I44 -> #NUM! | K44: =IF(J44<$D$9,J44,$D$9) -> #NUM!
A45: 43678 | B45: 31 | C45: =K44 -> #NUM! | D45: =22.256*C45^0.7153 -> #NUM! | E45: ='Dados de demanda e evaporação'!$D$14 -> 0.0992 | F45: =E45*D45 -> #NUM! | G45: =(C45-F45) -> #NUM! | H45: ='Dados de demanda e evaporação'!$B$7 -> 0.6 | I45: =H45*B45*(3600*24) -> 1607040 | J45: =G45-I45 -> #NUM! | K45: =IF(J45<$D$9,J45,$D$9) -> #NUM!
A46: 43709 | B46: 30 | C46: =K45 -> #NUM! | D46: =22.256*C46^0.7153 -> #NUM! | E46: ='Dados de demanda e evaporação'!$D$15 -> 0.126 | F46: =E46*D46 -> #NUM! | G46: =(C46-F46) -> #NUM! | H46: ='Dados de demanda e evaporação'!$B$7 -> 0.6 | I46: =H46*B46*(3600*24) -> 1555200 | J46: =G46-I46 -> #NUM! | K46: =IF(J46<$D$9,J46,$D$9) -> #NUM!
A47: 43739 | B47: 31 | C47: =K46 -> #NUM! | D47: =22.256*C47^0.7153 -> #NUM! | E47: ='Dados de demanda e evaporação'!$D$16 -> 0.1519 | F47: =E47*D47 -> #NUM! | G47: =(C47-F47) -> #NUM! | H47: ='Dados de demanda e evaporação'!$B$7 -> 0.6 | I47: =H47*B47*(3600*24) -> 1607040 | J47: =G47-I47 -> #NUM! | K47: =IF(J47<$D$9,J47,$D$9) -> #NUM!
A48: 43770 | B48: 30 | C48: =K47 -> #NUM! | D48: =22.256*C48^0.7153 -> #NUM! | E48: ='Dados de demanda e evaporação'!$D$17 -> 0.156 | F48: =E48*D48 -> #NUM! | G48: =(C48-F48) -> #NUM! | H48: ='Dados de demanda e evaporação'!$B$7 -> 0.6 | I48: =H48*B48*(3600*24) -> 1555200 | J48: =G48-I48 -> #NUM! | K48: =IF(J48<$D$9,J48,$D$9) -> #NUM!
A49: 43800 | B49: 31 | C49: =K48 -> #NUM! | D49: =22.256*C49^0.7153 -> #NUM! | E49: ='Dados de demanda e evaporação'!$D$18 -> 0.1612 | F49: =E49*D49 -> #NUM! | G49: =(C49-F49) -> #NUM! | H49: ='Dados de demanda e evaporação'!$B$7 -> 0.6 | I49: =H49*B49*(3600*24) -> 1607040 | J49: =G49-I49 -> #NUM! | K49: =IF(J49<$D$9,J49,$D$9) -> #NUM!
A50: 43831 | B50: 31 | C50: =K49 -> #NUM! | D50: =22.256*C50^0.7153 -> #NUM! | E50: ='Dados de demanda e evaporação'!$D$7 -> 0.1612 | F50: =E50*D50 -> #NUM! | G50: =(C50-F50) -> #NUM! | H50: ='Dados de demanda e evaporação'!$B$7 -> 0.6 | I50: =H50*B50*(3600*24) -> 1607040 | J50: =G50-I50 -> #NUM! | K50: =IF(J50<$D$9,J50,$D$9) -> #NUM!
A51: 43862 | B51: 28 | C51: =K50 -> #NUM! | D51: =22.256*C51^0.7153 -> #NUM! | E51: ='Dados de demanda e evaporação'!$D$8 -> 0.1428 | F51: =E51*D51 -> #NUM! | G51: =(C51-F51) -> #NUM! | H51: ='Dados de demanda e evaporação'!$B$7 -> 0.6 | I51: =H51*B51*(3600*24) -> 1451520 | J51: =G51-I51 -> #NUM! | K51: =IF(J51<$D$9,J51,$D$9) -> #NUM!
A52: 43891 | B52: 31 | C52: =K51 -> #NUM! | D52: =22.256*C52^0.7153 -> #NUM! | E52: ='Dados de demanda e evaporação'!$D$9 -> 0.1395 | F52: =E52*D52 -> #NUM! | G52: =(C52-F52) -> #NUM! | H52: ='Dados de demanda e evaporação'!$B$7 -> 0.6 | I52: =H52*B52*(3600*24) -> 1607040 | J52: =G52-I52 -> #NUM! | K52: =IF(J52<$D$9,J52,$D$9) -> #NUM!
A53: 43922 | B53: 30 | C53: =K52 -> #NUM! | D53: =22.256*C53^0.7153 -> #NUM! | E53: ='Dados de demanda e evaporação'!$D$10 -> 0.114 | F53: =E53*D53 -> #NUM! | G53: =(C53-F53) -> #NUM! | H53: ='Dados de demanda e evaporação'!$B$7 -> 0.6 | I53: =H53*B53*(3600*24) -> 1555200 | J53: =G53-I53 -> #NUM! | K53: =IF(J53<$D$9,J53,$D$9) -> #NUM!
A54: 43952 | B54: 31 | C54: =K53 -> #NUM! | D54: =22.256*C54^0.7153 -> #NUM! | E54: ='Dados de demanda e evaporação'!$D$11 -> 0.0899 | F54: =E54*D54 -> #NUM! | G54: =(C54-F54) -> #NUM! | H54: ='Dados de demanda e evaporação'!$B$7 -> 0.6 | I54: =H54*B54*(3600*24) -> 1607040 | J54: =G54-I54 -> #NUM! | K54: =IF(J54<$D$9,J54,$D$9) -> #NUM!
A55: 43983 | B55: 30 | C55: =K54 -> #NUM! | D55: =22.256*C55^0.7153 -> #NUM! | E55: ='Dados de demanda e evaporação'!$D$12 -> 0.075 | F55: =E55*D55 -> #NUM! | G55: =(C55-F55) -> #NUM! | H55: ='Dados de demanda e evaporação'!$B$7 -> 0.6 | I55: =H55*B55*(3600*24) -> 1555200 | J55: =G55-I55 -> #NUM! | K55: =IF(J55<$D$9,J55,$D$9) -> #NUM!
A56: 44013 | B56: 31 | C56: =K55 -> #NUM! | D56: =22.256*C56^0.7153 -> #NUM! | E56: ='Dados de demanda e evaporação'!$D$13 -> 0.0806 | F56: =E56*D56 -> #NUM! | G56: =(C56-F56) -> #NUM! | H56: ='Dados de demanda e evaporação'!$B$7 -> 0.6 | I56: =H56*B56*(3600*24) -> 1607040 | J56: =G56-I56 -> #NUM! | K56: =IF(J56<$D$9,J56,$D$9) -> #NUM!
A57: 44044 | B57: 31 | C57: =K56 -> #NUM! | D57: =22.256*C57^0.7153 -> #NUM! | E57: ='Dados de demanda e evaporação'!$D$14 -> 0.0992 | F57: =E57*D57 -> #NUM! | G57: =(C57-F57) -> #NUM! | H57: ='Dados de demanda e evaporação'!$B$7 -> 0.6 | I57: =H57*B57*(3600*24) -> 1607040 | J57: =G57-I57 -> #NUM! | K57: =IF(J57<$D$9,J57,$D$9) -> #NUM!
A58: 44075 | B58: 30 | C58: =K57 -> #NUM! | D58: =22.256*C58^0.7153 -> #NUM! | E58: ='Dados de demanda e evaporação'!$D$15 -> 0.126 | F58: =E58*D58 -> #NUM! | G58: =(C58-F58) -> #NUM! | H58: ='Dados de demanda e evaporação'!$B$7 -> 0.6 | I58: =H58*B58*(3600*24) -> 1555200 | J58: =G58-I58 -> #NUM! | K58: =IF(J58<$D$9,J58,$D$9) -> #NUM!
A59: 44105 | B59: 31 | C59: =K58 -> #NUM! | D59: =22.256*C59^0.7153 -> #NUM! | E59: ='Dados de demanda e evaporação'!$D$16 -> 0.1519 | F59: =E59*D59 -> #NUM! | G59: =(C59-F59) -> #NUM! | H59: ='Dados de demanda e evaporação'!$B$7 -> 0.6 | I59: =H59*B59*(3600*24) -> 1607040 | J59: =G59-I59 -> #NUM! | K59: =IF(J59<$D$9,J59,$D$9) -> #NUM!
A60: 44136 | B60: 30 | C60: =K59 -> #NUM! | D60: =22.256*C60^0.7153 -> #NUM! | E60: ='Dados de demanda e evaporação'!$D$17 -> 0.156 | F60: =E60*D60 -> #NUM! | G60: =(C60-F60) -> #NUM! | H60: ='Dados de demanda e evaporação'!$B$7 -> 0.6 | I60: =H60*B60*(3600*24) -> 1555200 | J60: =G60-I60 -> #NUM! | K60: =IF(J60<$D$9,J60,$D$9) -> #NUM!
A61: 44166 | B61: 31 | C61: =K60 -> #NUM! | D61: =22.256*C61^0.7153 -> #NUM! | E61: ='Dados de demanda e evaporação'!$D$18 -> 0.1612 | F61: =E61*D61 -> #NUM! | G61: =(C61-F61) -> #NUM! | H61: ='Dados de demanda e evaporação'!$B$7 -> 0.6 | I61: =H61*B61*(3600*24) -> 1607040 | J61: =G61-I61 -> #NUM! | K61: =IF(J61<$D$9,J61,$D$9) -> #NUM!
A62: 44197 | B62: 31 | C62: =K61 -> #NUM! | D62: =22.256*C62^0.7153 -> #NUM! | E62: ='Dados de demanda e evaporação'!$D$7 -> 0.1612 | F62: =E62*D62 -> #NUM! | G62: =(C62-F62) -> #NUM! | H62: ='Dados de demanda e evaporação'!$B$7 -> 0.6 | I62: =H62*B62*(3600*24) -> 1607040 | J62: =G62-I62 -> #NUM! | K62: =IF(J62<$D$9,J62,$D$9) -> #NUM!
A63: 44228 | B63: 28 | C63: =K62 -> #NUM! | D63: =22.256*C63^0.7153 -> #NUM! | E63: ='Dados de demanda e evaporação'!$D$8 -> 0.1428 | F63: =E63*D63 -> #NUM! | G63: =(C63-F63) -> #NUM! | H63: ='Dados de demanda e evaporação'!$B$7 -> 0.6 | I63: =H63*B63*(3600*24) -> 1451520 | J63: =G63-I63 -> #NUM! | K63: =IF(J63<$D$9,J63,$D$9) -> #NUM!
A64: 44256 | B64: 31 | C64: =K63 -> #NUM! | D64: =22.256*C64^0.7153 -> #NUM! | E64: ='Dados de demanda e evaporação'!$D$9 -> 0.1395 | F64: =E64*D64 -> #NUM! | G64: =(C64-F64) -> #NUM! | H64: ='Dados de demanda e evaporação'!$B$7 -> 0.6 | I64: =H64*B64*(3600*24) -> 1607040 | J64: =G64-I64 -> #NUM! | K64: =IF(J64<$D$9,J64,$D$9) -> #NUM!
A65: 44287 | B65: 30 | C65: =K64 -> #NUM! | D65: =22.256*C65^0.7153 -> #NUM! | E65: ='Dados de demanda e evaporação'!$D$10 -> 0.114 | F65: =E65*D65 -> #NUM! | G65: =(C65-F65) -> #NUM! | H65: ='Dados de demanda e evaporação'!$B$7 -> 0.6 | I65: =H65*B65*(3600*24) -> 1555200 | J65: =G65-I65 -> #NUM! | K65: =IF(J65<$D$9,J65,$D$9) -> #NUM!
A66: 44317 | B66: 31 | C66: =K65 -> #NUM! | D66: =22.256*C66^0.7153 -> #NUM! | E66: ='Dados de demanda e evaporação'!$D$11 -> 0.0899 | F66: =E66*D66 -> #NUM! | G66: =(C66-F66) -> #NUM! | H66: ='Dados de demanda e evaporação'!$B$7 -> 0.6 | I66: =H66*B66*(3600*24) -> 1607040 | J66: =G66-I66 -> #NUM! | K66: =IF(J66<$D$9,J66,$D$9) -> #NUM!
A67: 44348 | B67: 30 | C67: =K66 -> #NUM! | D67: =22.256*C67^0.7153 -> #NUM! | E67: ='Dados de demanda e evaporação'!$D$12 -> 0.075 | F67: =E67*D67 -> #NUM! | G67: =(C67-F67) -> #NUM! | H67: ='Dados de demanda e evaporação'!$B$7 -> 0.6 | I67: =H67*B67*(3600*24) -> 1555200 | J67: =G67-I67 -> #NUM! | K67: =IF(J67<$D$9,J67,$D$9) -> #NUM! | L67: NEGATIVO, SECOU COMPLETAMENTE
A68: 44378 | B68: 31 | C68: =K67 -> #NUM! | D68: =22.256*C68^0.7153 -> #NUM! | E68: ='Dados de demanda e evaporação'!$D$13 -> 0.0806 | F68: =E68*D68 -> #NUM! | G68: =(C68-F68) -> #NUM! | H68: ='Dados de demanda e evaporação'!$B$7 -> 0.6 | I68: =H68*B68*(3600*24) -> 1607040 | J68: =G68-I68 -> #NUM! | K68: =IF(J68<$D$9,J68,$D$9) -> #NUM!
A69: 44409 | B69: 31 | C69: =K68 -> #NUM! | D69: =22.256*C69^0.7153 -> #NUM! | E69: ='Dados de demanda e evaporação'!$D$14 -> 0.0992 | F69: =E69*D69 -> #NUM! | G69: =(C69-F69) -> #NUM! | H69: ='Dados de demanda e evaporação'!$B$7 -> 0.6 | I69: =H69*B69*(3600*24) -> 1607040 | J69: =G69-I69 -> #NUM! | K69: =IF(J69<$D$9,J69,$D$9) -> #NUM!
A70: 44440 | B70: 30 | C70: =K69 -> #NUM! | D70: =22.256*C70^0.7153 -> #NUM! | E70: ='Dados de demanda e evaporação'!$D$15 -> 0.126 | F70: =E70*D70 -> #NUM! | G70: =(C70-F70) -> #NUM! | H70: ='Dados de demanda e evaporação'!$B$7 -> 0.6 | I70: =H70*B70*(3600*24) -> 1555200 | J70: =G70-I70 -> #NUM! | K70: =IF(J70<$D$9,J70,$D$9) -> #NUM!
A71: 44470 | B71: 31 | C71: =K70 -> #NUM! | D71: =22.256*C71^0.7153 -> #NUM! | E71: ='Dados de demanda e evaporação'!$D$16 -> 0.1519 | F71: =E71*D71 -> #NUM! | G71: =(C71-F71) -> #NUM! | H71: ='Dados de demanda e evaporação'!$B$7 -> 0.6 | I71: =H71*B71*(3600*24) -> 1607040 | J71: =G71-I71 -> #NUM! | K71: =IF(J71<$D$9,J71,$D$9) -> #NUM!
A72: 44501 | B72: 30 | C72: =K71 -> #NUM! | D72: =22.256*C72^0.7153 -> #NUM! | E72: ='Dados de demanda e evaporação'!$D$17 -> 0.156 | F72: =E72*D72 -> #NUM! | G72: =(C72-F72) -> #NUM! | H72: ='Dados de demanda e evaporação'!$B$7 -> 0.6 | I72: =H72*B72*(3600*24) -> 1555200 | J72: =G72-I72 -> #NUM! | K72: =IF(J72<$D$9,J72,$D$9) -> #NUM!
A73: 44531 | B73: 31 | C73: =K72 -> #NUM! | D73: =22.256*C73^0.7153 -> #NUM! | E73: ='Dados de demanda e evaporação'!$D$18 -> 0.1612 | F73: =E73*D73 -> #NUM! | G73: =(C73-F73) -> #NUM! | H73: ='Dados de demanda e evaporação'!$B$7 -> 0.6 | I73: =H73*B73*(3600*24) -> 1607040 | J73: =G73-I73 -> #NUM! | K73: =IF(J73<$D$9,J73,$D$9) -> #NUM!
A74: 44562 | B74: 30 | C74: =K73 -> #NUM! | D74: =22.256*C74^0.7153 -> #NUM! | E74: ='Dados de demanda e evaporação'!$D$7 -> 0.1612 | F74: =E74*D74 -> #NUM! | G74: =(C74-F74) -> #NUM! | H74: ='Dados de demanda e evaporação'!$B$7 -> 0.6 | I74: =H74*B74*(3600*24) -> 1555200 | J74: =G74-I74 -> #NUM! | K74: =IF(J74<$D$9,J74,$D$9) -> #NUM!
A75: 44593 | B75: 31 | C75: =K74 -> #NUM! | D75: =22.256*C75^0.7153 -> #NUM! | E75: ='Dados de demanda e evaporação'!$D$8 -> 0.1428 | F75: =E75*D75 -> #NUM! | G75: =(C75-F75) -> #NUM! | H75: ='Dados de demanda e evaporação'!$B$7 -> 0.6 | I75: =H75*B75*(3600*24) -> 1607040 | J75: =G75-I75 -> #NUM! | K75: =IF(J75<$D$9,J75,$D$9) -> #NUM!
A76: 44621 | C76: =K75 -> #NUM! | D76: =22.256*C76^0.7153 -> #NUM! | E76: ='Dados de demanda e evaporação'!$D$9 -> 0.1395 | F76: =E76*D76 -> #NUM! | G76: =(C76-F76) -> #NUM! | H76: ='Dados de demanda e evaporação'!$B$7 -> 0.6 | I76: =H76*B76*(3600*24) -> 0 | J76: =G76-I76 -> #NUM! | K76: =IF(J76<$D$9,J76,$D$9) -> #NUM!
A77: 44652 | C77: =K76 -> #NUM! | D77: =22.256*C77^0.7153 -> #NUM! | E77: ='Dados de demanda e evaporação'!$D$10 -> 0.114 | F77: =E77*D77 -> #NUM! | G77: =(C77-F77) -> #NUM! | H77: ='Dados de demanda e evaporação'!$B$7 -> 0.6 | I77: =H77*B77*(3600*24) -> 0 | J77: =G77-I77 -> #NUM! | K77: =IF(J77<$D$9,J77,$D$9) -> #NUM!
A78: 44682 | C78: =K77 -> #NUM! | D78: =22.256*C78^0.7153 -> #NUM! | E78: ='Dados de demanda e evaporação'!$D$11 -> 0.0899 | F78: =E78*D78 -> #NUM! | G78: =(C78-F78) -> #NUM! | H78: ='Dados de demanda e evaporação'!$B$7 -> 0.6 | I78: =H78*B78*(3600*24) -> 0 | J78: =G78-I78 -> #NUM! | K78: =IF(J78<$D$9,J78,$D$9) -> #NUM!
A79: 44713 | C79: =K78 -> #NUM! | D79: =22.256*C79^0.7153 -> #NUM! | E79: ='Dados de demanda e evaporação'!$D$12 -> 0.075 | F79: =E79*D79 -> #NUM! | G79: =(C79-F79) -> #NUM! | H79: ='Dados de demanda e evaporação'!$B$7 -> 0.6 | I79: =H79*B79*(3600*24) -> 0 | J79: =G79-I79 -> #NUM! | K79: =IF(J79<$D$9,J79,$D$9) -> #NUM!
A80: 44743 | C80: =K79 -> #NUM! | D80: =22.256*C80^0.7153 -> #NUM! | E80: ='Dados de demanda e evaporação'!$D$13 -> 0.0806 | F80: =E80*D80 -> #NUM! | G80: =(C80-F80) -> #NUM! | H80: ='Dados de demanda e evaporação'!$B$7 -> 0.6 | I80: =H80*B80*(3600*24) -> 0 | J80: =G80-I80 -> #NUM! | K80: =IF(J80<$D$9,J80,$D$9) -> #NUM!
A81: 44774 | C81: =K80 -> #NUM! | D81: =22.256*C81^0.7153 -> #NUM! | E81: ='Dados de demanda e evaporação'!$D$14 -> 0.0992 | F81: =E81*D81 -> #NUM! | G81: =(C81-F81) -> #NUM! | H81: ='Dados de demanda e evaporação'!$B$7 -> 0.6 | I81: =H81*B81*(3600*24) -> 0 | J81: =G81-I81 -> #NUM! | K81: =IF(J81<$D$9,J81,$D$9) -> #NUM!
A82: 44805 | C82: =K81 -> #NUM! | D82: =22.256*C82^0.7153 -> #NUM! | E82: ='Dados de demanda e evaporação'!$D$15 -> 0.126 | F82: =E82*D82 -> #NUM! | G82: =(C82-F82) -> #NUM! | H82: ='Dados de demanda e evaporação'!$B$7 -> 0.6 | I82: =H82*B82*(3600*24) -> 0 | J82: =G82-I82 -> #NUM! | K82: =IF(J82<$D$9,J82,$D$9) -> #NUM!
A83: 44835 | C83: =K82 -> #NUM! | D83: =22.256*C83^0.7153 -> #NUM! | E83: ='Dados de demanda e evaporação'!$D$16 -> 0.1519 | F83: =E83*D83 -> #NUM! | G83: =(C83-F83) -> #NUM! | H83: ='Dados de demanda e evaporação'!$B$7 -> 0.6 | I83: =H83*B83*(3600*24) -> 0 | J83: =G83-I83 -> #NUM! | K83: =IF(J83<$D$9,J83,$D$9) -> #NUM!
A84: 44866 | C84: =K83 -> #NUM! | D84: =22.256*C84^0.7153 -> #NUM! | E84: ='Dados de demanda e evaporação'!$D$17 -> 0.156 | F84: =E84*D84 -> #NUM! | G84: =(C84-F84) -> #NUM! | H84: ='Dados de demanda e evaporação'!$B$7 -> 0.6 | I84: =H84*B84*(3600*24) -> 0 | J84: =G84-I84 -> #NUM! | K84: =IF(J84<$D$9,J84,$D$9) -> #NUM!
A85: 44896 | C85: =K84 -> #NUM! | D85: =22.256*C85^0.7153 -> #NUM! | E85: ='Dados de demanda e evaporação'!$D$18 -> 0.1612 | F85: =E85*D85 -> #NUM! | G85: =(C85-F85) -> #NUM! | H85: ='Dados de demanda e evaporação'!$B$7 -> 0.6 | I85: =H85*B85*(3600*24) -> 0 | J85: =G85-I85 -> #NUM! | K85: =IF(J85<$D$9,J85,$D$9) -> #NUM!
A86: 44927 | C86: =K85 -> #NUM! | D86: =22.256*C86^0.7153 -> #NUM! | E86: ='Dados de demanda e evaporação'!$D$7 -> 0.1612 | F86: =E86*D86 -> #NUM! | G86: =(C86-F86) -> #NUM! | H86: ='Dados de demanda e evaporação'!$B$7 -> 0.6 | I86: =H86*B86*(3600*24) -> 0 | J86: =G86-I86 -> #NUM! | K86: =IF(J86<$D$9,J86,$D$9) -> #NUM!
A87: 44958 | C87: =K86 -> #NUM! | D87: =22.256*C87^0.7153 -> #NUM! | E87: ='Dados de demanda e evaporação'!$D$8 -> 0.1428 | F87: =E87*D87 -> #NUM! | G87: =(C87-F87) -> #NUM! | H87: ='Dados de demanda e evaporação'!$B$7 -> 0.6 | I87: =H87*B87*(3600*24) -> 0 | J87: =G87-I87 -> #NUM! | K87: =IF(J87<$D$9,J87,$D$9) -> #NUM!
A88: 44986 | C88: =K87 -> #NUM! | D88: =22.256*C88^0.7153 -> #NUM! | E88: ='Dados de demanda e evaporação'!$D$9 -> 0.1395 | F88: =E88*D88 -> #NUM! | G88: =(C88-F88) -> #NUM! | H88: ='Dados de demanda e evaporação'!$B$7 -> 0.6 | I88: =H88*B88*(3600*24) -> 0 | J88: =G88-I88 -> #NUM! | K88: =IF(J88<$D$9,J88,$D$9) -> #NUM!
A89: 45017 | C89: =K88 -> #NUM! | D89: =22.256*C89^0.7153 -> #NUM! | E89: ='Dados de demanda e evaporação'!$D$10 -> 0.114 | F89: =E89*D89 -> #NUM! | G89: =(C89-F89) -> #NUM! | H89: ='Dados de demanda e evaporação'!$B$7 -> 0.6 | I89: =H89*B89*(3600*24) -> 0 | J89: =G89-I89 -> #NUM! | K89: =IF(J89<$D$9,J89,$D$9) -> #NUM!
A90: 45047 | C90: =K89 -> #NUM! | D90: =22.256*C90^0.7153 -> #NUM! | E90: ='Dados de demanda e evaporação'!$D$11 -> 0.0899 | F90: =E90*D90 -> #NUM! | G90: =(C90-F90) -> #NUM! | H90: ='Dados de demanda e evaporação'!$B$7 -> 0.6 | I90: =H90*B90*(3600*24) -> 0 | J90: =G90-I90 -> #NUM! | K90: =IF(J90<$D$9,J90,$D$9) -> #NUM!
A91: 45078 | C91: =K90 -> #NUM! | D91: =22.256*C91^0.7153 -> #NUM! | E91: ='Dados de demanda e evaporação'!$D$12 -> 0.075 | F91: =E91*D91 -> #NUM! | G91: =(C91-F91) -> #NUM! | H91: ='Dados de demanda e evaporação'!$B$7 -> 0.6 | I91: =H91*B91*(3600*24) -> 0 | J91: =G91-I91 -> #NUM! | K91: =IF(J91<$D$9,J91,$D$9) -> #NUM!
A92: 45108 | C92: =K91 -> #NUM! | D92: =22.256*C92^0.7153 -> #NUM! | E92: ='Dados de demanda e evaporação'!$D$13 -> 0.0806 | F92: =E92*D92 -> #NUM! | G92: =(C92-F92) -> #NUM! | H92: ='Dados de demanda e evaporação'!$B$7 -> 0.6 | I92: =H92*B92*(3600*24) -> 0 | J92: =G92-I92 -> #NUM! | K92: =IF(J92<$D$9,J92,$D$9) -> #NUM!
A93: 45139 | C93: =K92 -> #NUM! | D93: =22.256*C93^0.7153 -> #NUM! | E93: ='Dados de demanda e evaporação'!$D$14 -> 0.0992 | F93: =E93*D93 -> #NUM! | G93: =(C93-F93) -> #NUM! | H93: ='Dados de demanda e evaporação'!$B$7 -> 0.6 | I93: =H93*B93*(3600*24) -> 0 | J93: =G93-I93 -> #NUM! | K93: =IF(J93<$D$9,J93,$D$9) -> #NUM!
A94: 45170 | C94: =K93 -> #NUM! | D94: =22.256*C94^0.7153 -> #NUM! | E94: ='Dados de demanda e evaporação'!$D$15 -> 0.126 | F94: =E94*D94 -> #NUM! | G94: =(C94-F94) -> #NUM! | H94: ='Dados de demanda e evaporação'!$B$7 -> 0.6 | I94: =H94*B94*(3600*24) -> 0 | J94: =G94-I94 -> #NUM! | K94: =IF(J94<$D$9,J94,$D$9) -> #NUM!
A95: 45200 | C95: =K94 -> #NUM! | D95: =22.256*C95^0.7153 -> #NUM! | E95: ='Dados de demanda e evaporação'!$D$16 -> 0.1519 | F95: =E95*D95 -> #NUM! | G95: =(C95-F95) -> #NUM! | H95: ='Dados de demanda e evaporação'!$B$7 -> 0.6 | I95: =H95*B95*(3600*24) -> 0 | J95: =G95-I95 -> #NUM! | K95: =IF(J95<$D$9,J95,$D$9) -> #NUM!
A96: 45231 | C96: =K95 -> #NUM! | D96: =22.256*C96^0.7153 -> #NUM! | E96: ='Dados de demanda e evaporação'!$D$17 -> 0.156 | F96: =E96*D96 -> #NUM! | G96: =(C96-F96) -> #NUM! | H96: ='Dados de demanda e evaporação'!$B$7 -> 0.6 | I96: =H96*B96*(3600*24) -> 0 | J96: =G96-I96 -> #NUM! | K96: =IF(J96<$D$9,J96,$D$9) -> #NUM!
A97: 45261 | C97: =K96 -> #NUM! | D97: =22.256*C97^0.7153 -> #NUM! | E97: ='Dados de demanda e evaporação'!$D$18 -> 0.1612 | F97: =E97*D97 -> #NUM! | G97: =(C97-F97) -> #NUM! | H97: ='Dados de demanda e evaporação'!$B$7 -> 0.6 | I97: =H97*B97*(3600*24) -> 0 | J97: =G97-I97 -> #NUM! | K97: =IF(J97<$D$9,J97,$D$9) -> #NUM!
A98: 45292 | C98: =K97 -> #NUM! | D98: =22.256*C98^0.7153 -> #NUM! | F98: =E98*D98 -> #NUM! | G98: =(C98-F98) -> #NUM! | H98: ='Dados de demanda e evaporação'!$B$7 -> 0.6 | I98: =H98*B98*(3600*24) -> 0 | J98: =G98-I98 -> #NUM! | K98: =IF(J98<$D$9,J98,$D$9) -> #NUM!
A99: 45323 | C99: =K98 -> #NUM! | D99: =22.256*C99^0.7153 -> #NUM! | F99: =E99*D99 -> #NUM! | G99: =(C99-F99) -> #NUM! | H99: ='Dados de demanda e evaporação'!$B$7 -> 0.6 | I99: =H99*B99*(3600*24) -> 0 | J99: =G99-I99 -> #NUM! | K99: =IF(J99<$D$9,J99,$D$9) -> #NUM!
A100: 45352 | C100: =K99 -> #NUM! | D100: =22.256*C100^0.7153 -> #NUM! | F100: =E100*D100 -> #NUM! | G100: =(C100-F100) -> #NUM! | H100: ='Dados de demanda e evaporação'!$B$7 -> 0.6 | I100: =H100*B100*(3600*24) -> 0 | J100: =G100-I100 -> #NUM! | K100: =IF(J100<$D$9,J100,$D$9) -> #NUM!
A101: 45383 | C101: =K100 -> #NUM! | D101: =22.256*C101^0.7153 -> #NUM! | F101: =E101*D101 -> #NUM! | G101: =(C101-F101) -> #NUM! | H101: ='Dados de demanda e evaporação'!$B$7 -> 0.6 | I101: =H101*B101*(3600*24) -> 0 | J101: =G101-I101 -> #NUM! | K101: =IF(J101<$D$9,J101,$D$9) -> #NUM!
A102: 45413 | C102: =K101 -> #NUM! | D102: =22.256*C102^0.7153 -> #NUM! | F102: =E102*D102 -> #NUM! | G102: =(C102-F102) -> #NUM! | H102: ='Dados de demanda e evaporação'!$B$7 -> 0.6 | I102: =H102*B102*(3600*24) -> 0 | J102: =G102-I102 -> #NUM! | K102: =IF(J102<$D$9,J102,$D$9) -> #NUM!

Sheet Dimensionamento 2016
G2: HIDROLOGIA
G3: BALANÇO DE RESERVATÓRIO
B4: PROGRAMA DE MONITORIA DO DECA 2022.2 - MONITOR EMANUEL GOMES SOARES
A6: com equação linear
A9: Volume inicial (m3) | D9: =49086672.63 -> 49086673 | F9: AESA 31/01/2016
A10: Capacidade total de armazenamento | D10: 411686287 | E10: AESA
A11: volume de porão | D11: =1%*$D$10 -> 4116862.9
A12: Capacidade útil de armazenamento | D12: =D10-D11 -> 4.0756942e+08
A16: Mês | B16: Número de dias do mês | C16: Volume (em m3) | D16: Área (m2) | E16: Evaporação | F16: Volume referente a E (m3) | G16: Afluxo Líquido (m3) | H16: Demandas (m3/s) | I16: Volumes das demandas (m3) | J16: Volumes acumulados | K16: Volume final do mês
A17: 42401 | B17: 28 | C17: =$D$9 -> 49086673 | D17: =0.2297*(C17)+226886 -> 11502095 | E17: ='Dados de demanda e evaporação'!$D8 -> 0.1428 | F17: =E17*D17 -> 1642499.1 | G17: =(C17-F17) -> 47444174 | H17: ='Dados de demanda e evaporação'!$B$7 -> 0.6 | I17: =H17*B17*(3600*24) -> 1451520 | J17: =G17-I17 -> 45992654 | K17: =IF(J17<$D$10,J17,$D$10) -> 45992654
A18: 42826 | B18: 31 | C18: =K17 -> 45992654 | D18: =22.256*C18^0.7153 -> 6738576.7 | E18: ='Dados de demanda e evaporação'!$D9 -> 0.1395 | F18: =E18*D18 -> 940031.44 | G18: =(C18-F18) -> 45052622 | H18: ='Dados de demanda e evaporação'!$B$7 -> 0.6 | I18: =H18*B18*(3600*24) -> 1607040 | J18: =G18-I18 -> 43445582 | K18: =IF(J18<$D$10,J18,$D$10) -> 43445582
A19: 42856 | B19: 30 | C19: =K18 -> 43445582 | D19: =22.256*C19^0.7153 -> 6469483.6 | E19: ='Dados de demanda e evaporação'!$D10 -> 0.114 | F19: =E19*D19 -> 737521.13 | G19: =(C19-F19) -> 42708061 | H19: ='Dados de demanda e evaporação'!$B$7 -> 0.6 | I19: =H19*B19*(3600*24) -> 1555200 | J19: =G19-I19 -> 41152861 | K19: =IF(J19<$D$10,J19,$D$10) -> 41152861 | M19: VOLUME MÍNIMO | O19: =MIN(K17:K24) -> 30533270
A20: 42887 | B20: 31 | C20: =K19 -> 41152861 | D20: =22.256*C20^0.7153 -> 6223396.3 | E20: ='Dados de demanda e evaporação'!$D11 -> 0.0899 | F20: =E20*D20 -> 559483.33 | G20: =(C20-F20) -> 40593378 | H20: ='Dados de demanda e evaporação'!$B$7 -> 0.6 | I20: =H20*B20*(3600*24) -> 1607040 | J20: =G20-I20 -> 38986338 | K20: =IF(J20<$D$10,J20,$D$10) -> 38986338
A21: 42917 | B21: 30 | C21: =K20 -> 38986338 | D21: =22.256*C21^0.7153 -> 5987241.6 | E21: ='Dados de demanda e evaporação'!$D12 -> 0.075 | F21: =E21*D21 -> 449043.12 | G21: =(C21-F21) -> 38537294 | H21: ='Dados de demanda e evaporação'!$B$7 -> 0.6 | I21: =H21*B21*(3600*24) -> 1555200 | J21: =G21-I21 -> 36982094 | K21: =IF(J21<$D$10,J21,$D$10) -> 36982094
A22: 42948 | B22: 31 | C22: =K21 -> 36982094 | D22: =22.256*C22^0.7153 -> 5765426.4 | E22: ='Dados de demanda e evaporação'!$D13 -> 0.0806 | F22: =E22*D22 -> 464693.37 | G22: =(C22-F22) -> 36517401 | H22: ='Dados de demanda e evaporação'!$B$7 -> 0.6 | I22: =H22*B22*(3600*24) -> 1607040 | J22: =G22-I22 -> 34910361 | K22: =IF(J22<$D$10,J22,$D$10) -> 34910361
A23: 42979 | B23: 31 | C23: =K22 -> 34910361 | D23: =22.256*C23^0.7153 -> 5532511.9 | E23: ='Dados de demanda e evaporação'!$D14 -> 0.0992 | F23: =E23*D23 -> 548825.18 | G23: =(C23-F23) -> 34361536 | H23: ='Dados de demanda e evaporação'!$B$7 -> 0.6 | I23: =H23*B23*(3600*24) -> 1607040 | J23: =G23-I23 -> 32754496 | K23: =IF(J23<$D$10,J23,$D$10) -> 32754496
A24: 43009 | B24: 30 | C24: =K23 -> 32754496 | D24: =22.256*C24^0.7153 -> 5285917.8 | E24: ='Dados de demanda e evaporação'!$D15 -> 0.126 | F24: =E24*D24 -> 666025.64 | G24: =(C24-F24) -> 32088470 | H24: ='Dados de demanda e evaporação'!$B$7 -> 0.6 | I24: =H24*B24*(3600*24) -> 1555200 | J24: =G24-I24 -> 30533270 | K24: =IF(J24<$D$10,J24,$D$10) -> 30533270
A25: 43040 | B25: 31 | C25: =K24 -> 30533270 | D25: =22.256*C25^0.7153 -> 5026960.5 | E25: ='Dados de demanda e evaporação'!$D16 -> 0.1519 | F25: =E25*D25 -> 763595.3 | G25: =(C25-F25) -> 29769675 | H25: ='Dados de demanda e evaporação'!$B$7 -> 0.6 | I25: =H25*B25*(3600*24) -> 1607040 | J25: =G25-I25 -> 28162635 | K25: =IF(J25<$D$10,J25,$D$10) -> 28162635
A26: 43070 | B26: 30 | C26: =K25 -> 28162635 | D26: =22.256*C26^0.7153 -> 4744587 | E26: ='Dados de demanda e evaporação'!$D17 -> 0.156 | F26: =E26*D26 -> 740155.57 | G26: =(C26-F26) -> 27422479 | H26: ='Dados de demanda e evaporação'!$B$7 -> 0.6 | I26: =H26*B26*(3600*24) -> 1555200 | J26: =G26-I26 -> 25867279 | K26: =IF(J26<$D$10,J26,$D$10) -> 25867279
A27: 43101 | B27: 31 | C27: =K26 -> 25867279 | D27: =22.256*C27^0.7153 -> 4464653.2 | E27: ='Dados de demanda e evaporação'!$D$7 -> 0.1612 | F27: =E27*D27 -> 719702.09 | G27: =(C27-F27) -> 25147577 | H27: ='Dados de demanda e evaporação'!$B$7 -> 0.6 | I27: =H27*B27*(3600*24) -> 1607040 | J27: =G27-I27 -> 23540537 | K27: =IF(J27<$D$10,J27,$D$10) -> 23540537
A28: 43132 | B28: 31 | C28: =K27 -> 23540537 | D28: =22.256*C28^0.7153 -> 4173566.7 | E28: ='Dados de demanda e evaporação'!$D$8 -> 0.1428 | F28: =E28*D28 -> 595985.33 | G28: =(C28-F28) -> 22944552 | H28: ='Dados de demanda e evaporação'!$B$7 -> 0.6 | I28: =H28*B28*(3600*24) -> 1607040 | J28: =G28-I28 -> 21337512 | K28: =IF(J28<$D$10,J28,$D$10) -> 21337512
A29: 43160 | B29: 28 | C29: =K28 -> 21337512 | D29: =22.256*C29^0.7153 -> 3890305.1 | E29: ='Dados de demanda e evaporação'!$D$9 -> 0.1395 | F29: =E29*D29 -> 542697.56 | G29: =(C29-F29) -> 20794814 | H29: ='Dados de demanda e evaporação'!$B$7 -> 0.6 | I29: =H29*B29*(3600*24) -> 1451520 | J29: =G29-I29 -> 19343294 | K29: =IF(J29<$D$10,J29,$D$10) -> 19343294
A30: 43191 | B30: 31 | C30: =K29 -> 19343294 | D30: =22.256*C30^0.7153 -> 3626622.4 | E30: ='Dados de demanda e evaporação'!$D$10 -> 0.114 | F30: =E30*D30 -> 413434.95 | G30: =(C30-F30) -> 18929860 | H30: ='Dados de demanda e evaporação'!$B$7 -> 0.6 | I30: =H30*B30*(3600*24) -> 1607040 | J30: =G30-I30 -> 17322820 | K30: =IF(J30<$D$10,J30,$D$10) -> 17322820
A31: 43221 | B31: 30 | C31: =K30 -> 17322820 | D31: =22.256*C31^0.7153 -> 3351436.4 | E31: ='Dados de demanda e evaporação'!$D$11 -> 0.0899 | F31: =E31*D31 -> 301294.13 | G31: =(C31-F31) -> 17021525 | H31: ='Dados de demanda e evaporação'!$B$7 -> 0.6 | I31: =H31*B31*(3600*24) -> 1555200 | J31: =G31-I31 -> 15466325 | K31: =IF(J31<$D$10,J31,$D$10) -> 15466325
A32: 43252 | B32: 31 | C32: =K31 -> 15466325 | D32: =22.256*C32^0.7153 -> 3090407.4 | E32: ='Dados de demanda e evaporação'!$D$12 -> 0.075 | F32: =E32*D32 -> 231780.56 | G32: =(C32-F32) -> 15234545 | H32: ='Dados de demanda e evaporação'!$B$7 -> 0.6 | I32: =H32*B32*(3600*24) -> 1607040 | J32: =G32-I32 -> 13627505 | K32: =IF(J32<$D$10,J32,$D$10) -> 13627505
A33: 43282 | B33: 30 | C33: =K32 -> 13627505 | D33: =22.256*C33^0.7153 -> 2822897.6 | E33: ='Dados de demanda e evaporação'!$D$13 -> 0.0806 | F33: =E33*D33 -> 227525.55 | G33: =(C33-F33) -> 13399979 | H33: ='Dados de demanda e evaporação'!$B$7 -> 0.6 | I33: =H33*B33*(3600*24) -> 1555200 | J33: =G33-I33 -> 11844779 | K33: =IF(J33<$D$10,J33,$D$10) -> 11844779
A34: 43313 | B34: 31 | C34: =K33 -> 11844779 | D34: =22.256*C34^0.7153 -> 2553529.9 | E34: ='Dados de demanda e evaporação'!$D$14 -> 0.0992 | F34: =E34*D34 -> 253310.17 | G34: =(C34-F34) -> 11591469 | H34: ='Dados de demanda e evaporação'!$B$7 -> 0.6 | I34: =H34*B34*(3600*24) -> 1607040 | J34: =G34-I34 -> 9984429.1 | K34: =IF(J34<$D$10,J34,$D$10) -> 9984429.1
A35: 43344 | B35: 31 | C35: =K34 -> 9984429.1 | D35: =22.256*C35^0.7153 -> 2259763.7 | E35: ='Dados de demanda e evaporação'!$D$15 -> 0.126 | F35: =E35*D35 -> 284730.22 | G35: =(C35-F35) -> 9699698.9 | H35: ='Dados de demanda e evaporação'!$B$7 -> 0.6 | I35: =H35*B35*(3600*24) -> 1607040 | J35: =G35-I35 -> 8092658.9 | K35: =IF(J35<$D$10,J35,$D$10) -> 8092658.9
A36: 43374 | B36: 30 | C36: =K35 -> 8092658.9 | D36: =22.256*C36^0.7153 -> 1944485.8 | E36: ='Dados de demanda e evaporação'!$D$16 -> 0.1519 | F36: =E36*D36 -> 295367.39 | G36: =(C36-F36) -> 7797291.5 | H36: ='Dados de demanda e evaporação'!$B$7 -> 0.6 | I36: =H36*B36*(3600*24) -> 1555200 | J36: =G36-I36 -> 6242091.5 | K36: =IF(J36<$D$10,J36,$D$10) -> 6242091.5
A37: 43405 | B37: 31 | C37: =K36 -> 6242091.5 | D37: =22.256*C37^0.7153 -> 1614904.2 | E37: ='Dados de demanda e evaporação'!$D$17 -> 0.156 | F37: =E37*D37 -> 251925.05 | G37: =(C37-F37) -> 5990166.4 | H37: ='Dados de demanda e evaporação'!$B$7 -> 0.6 | I37: =H37*B37*(3600*24) -> 1607040 | J37: =G37-I37 -> 4383126.4 | K37: =IF(J37<$D$10,J37,$D$10) -> 4383126.4
A38: 43435 | B38: 30 | C38: =K37 -> 4383126.4 | D38: =22.256*C38^0.7153 -> 1254051 | E38: ='Dados de demanda e evaporação'!$D$18 -> 0.1612 | F38: =E38*D38 -> 202153.03 | G38: =(C38-F38) -> 4180973.4 | H38: ='Dados de demanda e evaporação'!$B$7 -> 0.6 | I38: =H38*B38*(3600*24) -> 1555200 | J38: =G38-I38 -> 2625773.4 | K38: =IF(J38<$D$10,J38,$D$10) -> 2625773.4
A39: 43466 | B39: 31 | C39: =K38 -> 2625773.4 | D39: =22.256*C39^0.7153 -> 869244.24 | E39: ='Dados de demanda e evaporação'!$D$7 -> 0.1612 | F39: =E39*D39 -> 140122.17 | G39: =(C39-F39) -> 2485651.2 | H39: ='Dados de demanda e evaporação'!$B$7 -> 0.6 | I39: =H39*B39*(3600*24) -> 1607040 | J39: =G39-I39 -> 878611.24 | K39: =IF(J39<$D$10,J39,$D$10) -> 878611.24
A40: 43497 | B40: 31 | C40: =K39 -> 878611.24 | D40: =22.256*C40^0.7153 -> 397232.65 | E40: ='Dados de demanda e evaporação'!$D$8 -> 0.1428 | F40: =E40*D40 -> 56724.822 | G40: =(C40-F40) -> 821886.42 | H40: ='Dados de demanda e evaporação'!$B$7 -> 0.6 | I40: =H40*B40*(3600*24) -> 1607040 | J40: =G40-I40 -> -785153.58 | K40: =IF(J40<$D$10,J40,$D$10) -> -785153.58
A41: 43525 | B41: 28 | C41: =K40 -> -785153.58 | D41: =22.256*C41^0.7153 -> #NUM! | E41: ='Dados de demanda e evaporação'!$D$9 -> 0.1395 | F41: =E41*D41 -> #NUM! | G41: =(C41-F41) -> #NUM! | H41: ='Dados de demanda e evaporação'!$B$7 -> 0.6 | I41: =H41*B41*(3600*24) -> 1451520 | J41: =G41-I41 -> #NUM! | K41: =IF(J41<$D$10,J41,$D$10) -> #NUM!
A42: 43556 | B42: 31 | C42: =K41 -> #NUM! | D42: =22.256*C42^0.7153 -> #NUM! | E42: ='Dados de demanda e evaporação'!$D$10 -> 0.114 | F42: =E42*D42 -> #NUM! | G42: =(C42-F42) -> #NUM! | H42: ='Dados de demanda e evaporação'!$B$7 -> 0.6 | I42: =H42*B42*(3600*24) -> 1607040 | J42: =G42-I42 -> #NUM! | K42: =IF(J42<$D$10,J42,$D$10) -> #NUM!
A43: 43586 | B43: 30 | C43: =K42 -> #NUM! | D43: =22.256*C43^0.7153 -> #NUM! | E43: ='Dados de demanda e evaporação'!$D$11 -> 0.0899 | F43: =E43*D43 -> #NUM! | G43: =(C43-F43) -> #NUM! | H43: ='Dados de demanda e evaporação'!$B$7 -> 0.6 | I43: =H43*B43*(3600*24) -> 1555200 | J43: =G43-I43 -> #NUM! | K43: =IF(J43<$D$10,J43,$D$10) -> #NUM!
A44: 43617 | B44: 31 | C44: =K43 -> #NUM! | D44: =22.256*C44^0.7153 -> #NUM! | E44: ='Dados de demanda e evaporação'!$D$12 -> 0.075 | F44: =E44*D44 -> #NUM! | G44: =(C44-F44) -> #NUM! | H44: ='Dados de demanda e evaporação'!$B$7 -> 0.6 | I44: =H44*B44*(3600*24) -> 1607040 | J44: =G44-I44 -> #NUM! | K44: =IF(J44<$D$10,J44,$D$10) -> #NUM!
A45: 43647 | B45: 30 | C45: =K44 -> #NUM! | D45: =22.256*C45^0.7153 -> #NUM! | E45: ='Dados de demanda e evaporação'!$D$13 -> 0.0806 | F45: =E45*D45 -> #NUM! | G45: =(C45-F45) -> #NUM! | H45: ='Dados de demanda e evaporação'!$B$7 -> 0.6 | I45: =H45*B45*(3600*24) -> 1555200 | J45: =G45-I45 -> #NUM! | K45: =IF(J45<$D$10,J45,$D$10) -> #NUM!
A46: 43678 | B46: 31 | C46: =K45 -> #NUM! | D46: =22.256*C46^0.7153 -> #NUM! | E46: ='Dados de demanda e evaporação'!$D$14 -> 0.0992 | F46: =E46*D46 -> #NUM! | G46: =(C46-F46) -> #NUM! | H46: ='Dados de demanda e evaporação'!$B$7 -> 0.6 | I46: =H46*B46*(3600*24) -> 1607040 | J46: =G46-I46 -> #NUM! | K46: =IF(J46<$D$10,J46,$D$10) -> #NUM!
A47: 43709 | B47: 31 | C47: =K46 -> #NUM! | D47: =22.256*C47^0.7153 -> #NUM! | E47: ='Dados de demanda e evaporação'!$D$15 -> 0.126 | F47: =E47*D47 -> #NUM! | G47: =(C47-F47) -> #NUM! | H47: ='Dados de demanda e evaporação'!$B$7 -> 0.6 | I47: =H47*B47*(3600*24) -> 1607040 | J47: =G47-I47 -> #NUM! | K47: =IF(J47<$D$10,J47,$D$10) -> #NUM!
A48: 43739 | B48: 30 | C48: =K47 -> #NUM! | D48: =22.256*C48^0.7153 -> #NUM! | E48: ='Dados de demanda e evaporação'!$D$16 -> 0.1519 | F48: =E48*D48 -> #NUM! | G48: =(C48-F48) -> #NUM! | H48: ='Dados de demanda e evaporação'!$B$7 -> 0.6 | I48: =H48*B48*(3600*24) -> 1555200 | J48: =G48-I48 -> #NUM! | K48: =IF(J48<$D$10,J48,$D$10) -> #NUM!
A49: 43770 | B49: 31 | C49: =K48 -> #NUM! | D49: =22.256*C49^0.7153 -> #NUM! | E49: ='Dados de demanda e evaporação'!$D$17 -> 0.156 | F49: =E49*D49 -> #NUM! | G49: =(C49-F49) -> #NUM! | H49: ='Dados de demanda e evaporação'!$B$7 -> 0.6 | I49: =H49*B49*(3600*24) -> 1607040 | J49: =G49-I49 -> #NUM! | K49: =IF(J49<$D$10,J49,$D$10) -> #NUM!
A50: 43800 | B50: 30 | C50: =K49 -> #NUM! | D50: =22.256*C50^0.7153 -> #NUM! | E50: ='Dados de demanda e evaporação'!$D$18 -> 0.1612 | F50: =E50*D50 -> #NUM! | G50: =(C50-F50) -> #NUM! | H50: ='Dados de demanda e evaporação'!$B$7 -> 0.6 | I50: =H50*B50*(3600*24) -> 1555200 | J50: =G50-I50 -> #NUM! | K50: =IF(J50<$D$10,J50,$D$10) -> #NUM!
A51: 43831 | B51: 31 | C51: =K50 -> #NUM! | D51: =22.256*C51^0.7153 -> #NUM! | E51: ='Dados de demanda e evaporação'!$D$7 -> 0.1612 | F51: =E51*D51 -> #NUM! | G51: =(C51-F51) -> #NUM! | H51: ='Dados de demanda e evaporação'!$B$7 -> 0.6 | I51: =H51*B51*(3600*24) -> 1607040 | J51: =G51-I51 -> #NUM! | K51: =IF(J51<$D$10,J51,$D$10) -> #NUM!
A52: 43862 | B52: 28 | C52: =K51 -> #NUM! | D52: =22.256*C52^0.7153 -> #NUM! | E52: ='Dados de demanda e evaporação'!$D$8 -> 0.1428 | F52: =E52*D52 -> #NUM! | G52: =(C52-F52) -> #NUM! | H52: ='Dados de demanda e evaporação'!$B$7 -> 0.6 | I52: =H52*B52*(3600*24) -> 1451520 | J52: =G52-I52 -> #NUM! | K52: =IF(J52<$D$10,J52,$D$10) -> #NUM!
A53: 43891 | B53: 31 | C53: =K52 -> #NUM! | D53: =22.256*C53^0.7153 -> #NUM! | E53: ='Dados de demanda e evaporação'!$D$9 -> 0.1395 | F53: =E53*D53 -> #NUM! | G53: =(C53-F53) -> #NUM! | H53: ='Dados de demanda e evaporação'!$B$7 -> 0.6 | I53: =H53*B53*(3600*24) -> 1607040 | J53: =G53-I53 -> #NUM! | K53: =IF(J53<$D$10,J53,$D$10) -> #NUM!
A54: 43922 | B54: 30 | C54: =K53 -> #NUM! | D54: =22.256*C54^0.7153 -> #NUM! | E54: ='Dados de demanda e evaporação'!$D$10 -> 0.114 | F54: =E54*D54 -> #NUM! | G54: =(C54-F54) -> #NUM! | H54: ='Dados de demanda e evaporação'!$B$7 -> 0.6 | I54: =H54*B54*(3600*24) -> 1555200 | J54: =G54-I54 -> #NUM! | K54: =IF(J54<$D$10,J54,$D$10) -> #NUM!
A55: 43952 | B55: 31 | C55: =K54 -> #NUM! | D55: =22.256*C55^0.7153 -> #NUM! | E55: ='Dados de demanda e evaporação'!$D$11 -> 0.0899 | F55: =E55*D55 -> #NUM! | G55: =(C55-F55) -> #NUM! | H55: ='Dados de demanda e evaporação'!$B$7 -> 0.6 | I55: =H55*B55*(3600*24) -> 1607040 | J55: =G55-I55 -> #NUM! | K55: =IF(J55<$D$10,J55,$D$10) -> #NUM!
A56: 43983 | B56: 30 | C56: =K55 -> #NUM! | D56: =22.256*C56^0.7153 -> #NUM! | E56: ='Dados de demanda e evaporação'!$D$12 -> 0.075 | F56: =E56*D56 -> #NUM! | G56: =(C56-F56) -> #NUM! | H56: ='Dados de demanda e evaporação'!$B$7 -> 0.6 | I56: =H56*B56*(3600*24) -> 1555200 | J56: =G56-I56 -> #NUM! | K56: =IF(J56<$D$10,J56,$D$10) -> #NUM!
A57: 44013 | B57: 31 | C57: =K56 -> #NUM! | D57: =22.256*C57^0.7153 -> #NUM! | E57: ='Dados de demanda e evaporação'!$D$13 -> 0.0806 | F57: =E57*D57 -> #NUM! | G57: =(C57-F57) -> #NUM! | H57: ='Dados de demanda e evaporação'!$B$7 -> 0.6 | I57: =H57*B57*(3600*24) -> 1607040 | J57: =G57-I57 -> #NUM! | K57: =IF(J57<$D$10,J57,$D$10) -> #NUM!
A58: 44044 | B58: 31 | C58: =K57 -> #NUM! | D58: =22.256*C58^0.7153 -> #NUM! | E58: ='Dados de demanda e evaporação'!$D$14 -> 0.0992 | F58: =E58*D58 -> #NUM! | G58: =(C58-F58) -> #NUM! | H58: ='Dados de demanda e evaporação'!$B$7 -> 0.6 | I58: =H58*B58*(3600*24) -> 1607040 | J58: =G58-I58 -> #NUM! | K58: =IF(J58<$D$10,J58,$D$10) -> #NUM!
A59: 44075 | B59: 30 | C59: =K58 -> #NUM! | D59: =22.256*C59^0.7153 -> #NUM! | E59: ='Dados de demanda e evaporação'!$D$15 -> 0.126 | F59: =E59*D59 -> #NUM! | G59: =(C59-F59) -> #NUM! | H59: ='Dados de demanda e evaporação'!$B$7 -> 0.6 | I59: =H59*B59*(3600*24) -> 1555200 | J59: =G59-I59 -> #NUM! | K59: =IF(J59<$D$10,J59,$D$10) -> #NUM!
A60: 44105 | B60: 31 | C60: =K59 -> #NUM! | D60: =22.256*C60^0.7153 -> #NUM! | E60: ='Dados de demanda e evaporação'!$D$16 -> 0.1519 | F60: =E60*D60 -> #NUM! | G60: =(C60-F60) -> #NUM! | H60: ='Dados de demanda e evaporação'!$B$7 -> 0.6 | I60: =H60*B60*(3600*24) -> 1607040 | J60: =G60-I60 -> #NUM! | K60: =IF(J60<$D$10,J60,$D$10) -> #NUM!
A61: 44136 | B61: 30 | C61: =K60 -> #NUM! | D61: =22.256*C61^0.7153 -> #NUM! | E61: ='Dados de demanda e evaporação'!$D$17 -> 0.156 | F61: =E61*D61 -> #NUM! | G61: =(C61-F61) -> #NUM! | H61: ='Dados de demanda e evaporação'!$B$7 -> 0.6 | I61: =H61*B61*(3600*24) -> 1555200 | J61: =G61-I61 -> #NUM! | K61: =IF(J61<$D$10,J61,$D$10) -> #NUM!
A62: 44166 | B62: 31 | C62: =K61 -> #NUM! | D62: =22.256*C62^0.7153 -> #NUM! | E62: ='Dados de demanda e evaporação'!$D$18 -> 0.1612 | F62: =E62*D62 -> #NUM! | G62: =(C62-F62) -> #NUM! | H62: ='Dados de demanda e evaporação'!$B$7 -> 0.6 | I62: =H62*B62*(3600*24) -> 1607040 | J62: =G62-I62 -> #NUM! | K62: =IF(J62<$D$10,J62,$D$10) -> #NUM!
A63: 44197 | B63: 31 | C63: =K62 -> #NUM! | D63: =22.256*C63^0.7153 -> #NUM! | E63: ='Dados de demanda e evaporação'!$D$7 -> 0.1612 | F63: =E63*D63 -> #NUM! | G63: =(C63-F63) -> #NUM! | H63: ='Dados de demanda e evaporação'!$B$7 -> 0.6 | I63: =H63*B63*(3600*24) -> 1607040 | J63: =G63-I63 -> #NUM! | K63: =IF(J63<$D$10,J63,$D$10) -> #NUM!
A64: 44228 | B64: 28 | C64: =K63 -> #NUM! | D64: =22.256*C64^0.7153 -> #NUM! | E64: ='Dados de demanda e evaporação'!$D$8 -> 0.1428 | F64: =E64*D64 -> #NUM! | G64: =(C64-F64) -> #NUM! | H64: ='Dados de demanda e evaporação'!$B$7 -> 0.6 | I64: =H64*B64*(3600*24) -> 1451520 | J64: =G64-I64 -> #NUM! | K64: =IF(J64<$D$10,J64,$D$10) -> #NUM!
A65: 44256 | B65: 31 | C65: =K64 -> #NUM! | D65: =22.256*C65^0.7153 -> #NUM! | E65: ='Dados de demanda e evaporação'!$D$9 -> 0.1395 | F65: =E65*D65 -> #NUM! | G65: =(C65-F65) -> #NUM! | H65: ='Dados de demanda e evaporação'!$B$7 -> 0.6 | I65: =H65*B65*(3600*24) -> 1607040 | J65: =G65-I65 -> #NUM! | K65: =IF(J65<$D$10,J65,$D$10) -> #NUM!
A66: 44287 | B66: 30 | C66: =K65 -> #NUM! | D66: =22.256*C66^0.7153 -> #NUM! | E66: ='Dados de demanda e evaporação'!$D$10 -> 0.114 | F66: =E66*D66 -> #NUM! | G66: =(C66-F66) -> #NUM! | H66: ='Dados de demanda e evaporação'!$B$7 -> 0.6 | I66: =H66*B66*(3600*24) -> 1555200 | J66: =G66-I66 -> #NUM! | K66: =IF(J66<$D$10,J66,$D$10) -> #NUM!
A67: 44317 | B67: 31 | C67: =K66 -> #NUM! | D67: =22.256*C67^0.7153 -> #NUM! | E67: ='Dados de demanda e evaporação'!$D$11 -> 0.0899 | F67: =E67*D67 -> #NUM! | G67: =(C67-F67) -> #NUM! | H67: ='Dados de demanda e evaporação'!$B$7 -> 0.6 | I67: =H67*B67*(3600*24) -> 1607040 | J67: =G67-I67 -> #NUM! | K67: =IF(J67<$D$10,J67,$D$10) -> #NUM!
A68: 44348 | B68: 30 | C68: =K67 -> #NUM! | D68: =22.256*C68^0.7153 -> #NUM! | E68: ='Dados de demanda e evaporação'!$D$12 -> 0.075 | F68: =E68*D68 -> #NUM! | G68: =(C68-F68) -> #NUM! | H68: ='Dados de demanda e evaporação'!$B$7 -> 0.6 | I68: =H68*B68*(3600*24) -> 1555200 | J68: =G68-I68 -> #NUM! | K68: =IF(J68<$D$10,J68,$D$10) -> #NUM! | L68: NEGATIVO, SECOU COMPLETAMENTE
A69: 44378 | B69: 31 | C69: =K68 -> #NUM! | D69: =22.256*C69^0.7153 -> #NUM! | E69: ='Dados de demanda e evaporação'!$D$13 -> 0.0806 | F69: =E69*D69 -> #NUM! | G69: =(C69-F69) -> #NUM! | H69: ='Dados de demanda e evaporação'!$B$7 -> 0.6 | I69: =H69*B69*(3600*24) -> 1607040 | J69: =G69-I69 -> #NUM! | K69: =IF(J69<$D$10,J69,$D$10) -> #NUM!
A70: 44409 | B70: 31 | C70: =K69 -> #NUM! | D70: =22.256*C70^0.7153 -> #NUM! | E70: ='Dados de demanda e evaporação'!$D$14 -> 0.0992 | F70: =E70*D70 -> #NUM! | G70: =(C70-F70) -> #NUM! | H70: ='Dados de demanda e evaporação'!$B$7 -> 0.6 | I70: =H70*B70*(3600*24) -> 1607040 | J70: =G70-I70 -> #NUM! | K70: =IF(J70<$D$10,J70,$D$10) -> #NUM!
A71: 44440 | B71: 30 | C71: =K70 -> #NUM! | D71: =22.256*C71^0.7153 -> #NUM! | E71: ='Dados de demanda e evaporação'!$D$15 -> 0.126 | F71: =E71*D71 -> #NUM! | G71: =(C71-F71) -> #NUM! | H71: ='Dados de demanda e evaporação'!$B$7 -> 0.6 | I71: =H71*B71*(3600*24) -> 1555200 | J71: =G71-I71 -> #NUM! | K71: =IF(J71<$D$10,J71,$D$10) -> #NUM!
A72: 44470 | B72: 31 | C72: =K71 -> #NUM! | D72: =22.256*C72^0.7153 -> #NUM! | E72: ='Dados de demanda e evaporação'!$D$16 -> 0.1519 | F72: =E72*D72 -> #NUM! | G72: =(C72-F72) -> #NUM! | H72: ='Dados de demanda e evaporação'!$B$7 -> 0.6 | I72: =H72*B72*(3600*24) -> 1607040 | J72: =G72-I72 -> #NUM! | K72: =IF(J72<$D$10,J72,$D$10) -> #NUM!
A73: 44501 | B73: 30 | C73: =K72 -> #NUM! | D73: =22.256*C73^0.7153 -> #NUM! | E73: ='Dados de demanda e evaporação'!$D$17 -> 0.156 | F73: =E73*D73 -> #NUM! | G73: =(C73-F73) -> #NUM! | H73: ='Dados de demanda e evaporação'!$B$7 -> 0.6 | I73: =H73*B73*(3600*24) -> 1555200 | J73: =G73-I73 -> #NUM! | K73: =IF(J73<$D$10,J73,$D$10) -> #NUM!
A74: 44531 | B74: 31 | C74: =K73 -> #NUM! | D74: =22.256*C74^0.7153 -> #NUM! | E74: ='Dados de demanda e evaporação'!$D$18 -> 0.1612 | F74: =E74*D74 -> #NUM! | G74: =(C74-F74) -> #NUM! | H74: ='Dados de demanda e evaporação'!$B$7 -> 0.6 | I74: =H74*B74*(3600*24) -> 1607040 | J74: =G74-I74 -> #NUM! | K74: =IF(J74<$D$10,J74,$D$10) -> #NUM!
A75: 44562 | B75: 30 | C75: =K74 -> #NUM! | D75: =22.256*C75^0.7153 -> #NUM! | E75: ='Dados de demanda e evaporação'!$D$7 -> 0.1612 | F75: =E75*D75 -> #NUM! | G75: =(C75-F75) -> #NUM! | H75: ='Dados de demanda e evaporação'!$B$7 -> 0.6 | I75: =H75*B75*(3600*24) -> 1555200 | J75: =G75-I75 -> #NUM! | K75: =IF(J75<$D$10,J75,$D$10) -> #NUM!
A76: 44593 | B76: 31 | C76: =K75 -> #NUM! | D76: =22.256*C76^0.7153 -> #NUM! | E76: ='Dados de demanda e evaporação'!$D$8 -> 0.1428 | F76: =E76*D76 -> #NUM! | G76: =(C76-F76) -> #NUM! | H76: ='Dados de demanda e evaporação'!$B$7 -> 0.6 | I76: =H76*B76*(3600*24) -> 1607040 | J76: =G76-I76 -> #NUM! | K76: =IF(J76<$D$10,J76,$D$10) -> #NUM!
A77: 44621 | C77: =K76 -> #NUM! | D77: =22.256*C77^0.7153 -> #NUM! | E77: ='Dados de demanda e evaporação'!$D$9 -> 0.1395 | F77: =E77*D77 -> #NUM! | G77: =(C77-F77) -> #NUM! | H77: ='Dados de demanda e evaporação'!$B$7 -> 0.6 | I77: =H77*B77*(3600*24) -> 0 | J77: =G77-I77 -> #NUM! | K77: =IF(J77<$D$10,J77,$D$10) -> #NUM!
A78: 44652 | C78: =K77 -> #NUM! | D78: =22.256*C78^0.7153 -> #NUM! | E78: ='Dados de demanda e evaporação'!$D$10 -> 0.114 | F78: =E78*D78 -> #NUM! | G78: =(C78-F78) -> #NUM! | H78: ='Dados de demanda e evaporação'!$B$7 -> 0.6 | I78: =H78*B78*(3600*24) -> 0 | J78: =G78-I78 -> #NUM! | K78: =IF(J78<$D$10,J78,$D$10) -> #NUM!
A79: 44682 | C79: =K78 -> #NUM! | D79: =22.256*C79^0.7153 -> #NUM! | E79: ='Dados de demanda e evaporação'!$D$11 -> 0.0899 | F79: =E79*D79 -> #NUM! | G79: =(C79-F79) -> #NUM! | H79: ='Dados de demanda e evaporação'!$B$7 -> 0.6 | I79: =H79*B79*(3600*24) -> 0 | J79: =G79-I79 -> #NUM! | K79: =IF(J79<$D$10,J79,$D$10) -> #NUM!
A80: 44713 | C80: =K79 -> #NUM! | D80: =22.256*C80^0.7153 -> #NUM! | E80: ='Dados de demanda e evaporação'!$D$12 -> 0.075 | F80: =E80*D80 -> #NUM! | G80: =(C80-F80) -> #NUM! | H80: ='Dados de demanda e evaporação'!$B$7 -> 0.6 | I80: =H80*B80*(3600*24) -> 0 | J80: =G80-I80 -> #NUM! | K80: =IF(J80<$D$10,J80,$D$10) -> #NUM!
A81: 44743 | C81: =K80 -> #NUM! | D81: =22.256*C81^0.7153 -> #NUM! | E81: ='Dados de demanda e evaporação'!$D$13 -> 0.0806 | F81: =E81*D81 -> #NUM! | G81: =(C81-F81) -> #NUM! | H81: ='Dados de demanda e evaporação'!$B$7 -> 0.6 | I81: =H81*B81*(3600*24) -> 0 | J81: =G81-I81 -> #NUM! | K81: =IF(J81<$D$10,J81,$D$10) -> #NUM!
A82: 44774 | C82: =K81 -> #NUM! | D82: =22.256*C82^0.7153 -> #NUM! | E82: ='Dados de demanda e evaporação'!$D$14 -> 0.0992 | F82: =E82*D82 -> #NUM! | G82: =(C82-F82) -> #NUM! | H82: ='Dados de demanda e evaporação'!$B$7 -> 0.6 | I82: =H82*B82*(3600*24) -> 0 | J82: =G82-I82 -> #NUM! | K82: =IF(J82<$D$10,J82,$D$10) -> #NUM!
A83: 44805 | C83: =K82 -> #NUM! | D83: =22.256*C83^0.7153 -> #NUM! | E83: ='Dados de demanda e evaporação'!$D$15 -> 0.126 | F83: =E83*D83 -> #NUM! | G83: =(C83-F83) -> #NUM! | H83: ='Dados de demanda e evaporação'!$B$7 -> 0.6 | I83: =H83*B83*(3600*24) -> 0 | J83: =G83-I83 -> #NUM! | K83: =IF(J83<$D$10,J83,$D$10) -> #NUM!
A84: 44835 | C84: =K83 -> #NUM! | D84: =22.256*C84^0.7153 -> #NUM! | E84: ='Dados de demanda e evaporação'!$D$16 -> 0.1519 | F84: =E84*D84 -> #NUM! | G84: =(C84-F84) -> #NUM! | H84: ='Dados de demanda e evaporação'!$B$7 -> 0.6 | I84: =H84*B84*(3600*24) -> 0 | J84: =G84-I84 -> #NUM! | K84: =IF(J84<$D$10,J84,$D$10) -> #NUM!
A85: 44866 | C85: =K84 -> #NUM! | D85: =22.256*C85^0.7153 -> #NUM! | E85: ='Dados de demanda e evaporação'!$D$17 -> 0.156 | F85: =E85*D85 -> #NUM! | G85: =(C85-F85) -> #NUM! | H85: ='Dados de demanda e evaporação'!$B$7 -> 0.6 | I85: =H85*B85*(3600*24) -> 0 | J85: =G85-I85 -> #NUM! | K85: =IF(J85<$D$10,J85,$D$10) -> #NUM!
A86: 44896 | C86: =K85 -> #NUM! | D86: =22.256*C86^0.7153 -> #NUM! | E86: ='Dados de demanda e evaporação'!$D$18 -> 0.1612 | F86: =E86*D86 -> #NUM! | G86: =(C86-F86) -> #NUM! | H86: ='Dados de demanda e evaporação'!$B$7 -> 0.6 | I86: =H86*B86*(3600*24) -> 0 | J86: =G86-I86 -> #NUM! | K86: =IF(J86<$D$10,J86,$D$10) -> #NUM!
A87: 44927 | C87: =K86 -> #NUM! | D87: =22.256*C87^0.7153 -> #NUM! | E87: ='Dados de demanda e evaporação'!$D$7 -> 0.1612 | F87: =E87*D87 -> #NUM! | G87: =(C87-F87) -> #NUM! | H87: ='Dados de demanda e evaporação'!$B$7 -> 0.6 | I87: =H87*B87*(3600*24) -> 0 | J87: =G87-I87 -> #NUM! | K87: =IF(J87<$D$10,J87,$D$10) -> #NUM!
A88: 44958 | C88: =K87 -> #NUM! | D88: =22.256*C88^0.7153 -> #NUM! | E88: ='Dados de demanda e evaporação'!$D$8 -> 0.1428 | F88: =E88*D88 -> #NUM! | G88: =(C88-F88) -> #NUM! | H88: ='Dados de demanda e evaporação'!$B$7 -> 0.6 | I88: =H88*B88*(3600*24) -> 0 | J88: =G88-I88 -> #NUM! | K88: =IF(J88<$D$10,J88,$D$10) -> #NUM!
A89: 44986 | C89: =K88 -> #NUM! | D89: =22.256*C89^0.7153 -> #NUM! | E89: ='Dados de demanda e evaporação'!$D$9 -> 0.1395 | F89: =E89*D89 -> #NUM! | G89: =(C89-F89) -> #NUM! | H89: ='Dados de demanda e evaporação'!$B$7 -> 0.6 | I89: =H89*B89*(3600*24) -> 0 | J89: =G89-I89 -> #NUM! | K89: =IF(J89<$D$10,J89,$D$10) -> #NUM!
A90: 45017 | C90: =K89 -> #NUM! | D90: =22.256*C90^0.7153 -> #NUM! | E90: ='Dados de demanda e evaporação'!$D$10 -> 0.114 | F90: =E90*D90 -> #NUM! | G90: =(C90-F90) -> #NUM! | H90: ='Dados de demanda e evaporação'!$B$7 -> 0.6 | I90: =H90*B90*(3600*24) -> 0 | J90: =G90-I90 -> #NUM! | K90: =IF(J90<$D$10,J90,$D$10) -> #NUM!
A91: 45047 | C91: =K90 -> #NUM! | D91: =22.256*C91^0.7153 -> #NUM! | E91: ='Dados de demanda e evaporação'!$D$11 -> 0.0899 | F91: =E91*D91 -> #NUM! | G91: =(C91-F91) -> #NUM! | H91: ='Dados de demanda e evaporação'!$B$7 -> 0.6 | I91: =H91*B91*(3600*24) -> 0 | J91: =G91-I91 -> #NUM! | K91: =IF(J91<$D$10,J91,$D$10) -> #NUM!
A92: 45078 | C92: =K91 -> #NUM! | D92: =22.256*C92^0.7153 -> #NUM! | E92: ='Dados de demanda e evaporação'!$D$12 -> 0.075 | F92: =E92*D92 -> #NUM! | G92: =(C92-F92) -> #NUM! | H92: ='Dados de demanda e evaporação'!$B$7 -> 0.6 | I92: =H92*B92*(3600*24) -> 0 | J92: =G92-I92 -> #NUM! | K92: =IF(J92<$D$10,J92,$D$10) -> #NUM!
A93: 45108 | C93: =K92 -> #NUM! | D93: =22.256*C93^0.7153 -> #NUM! | E93: ='Dados de demanda e evaporação'!$D$13 -> 0.0806 | F93: =E93*D93 -> #NUM! | G93: =(C93-F93) -> #NUM! | H93: ='Dados de demanda e evaporação'!$B$7 -> 0.6 | I93: =H93*B93*(3600*24) -> 0 | J93: =G93-I93 -> #NUM! | K93: =IF(J93<$D$10,J93,$D$10) -> #NUM!
A94: 45139 | C94: =K93 -> #NUM! | D94: =22.256*C94^0.7153 -> #NUM! | E94: ='Dados de demanda e evaporação'!$D$14 -> 0.0992 | F94: =E94*D94 -> #NUM! | G94: =(C94-F94) -> #NUM! | H94: ='Dados de demanda e evaporação'!$B$7 -> 0.6 | I94: =H94*B94*(3600*24) -> 0 | J94: =G94-I94 -> #NUM! | K94: =IF(J94<$D$10,J94,$D$10) -> #NUM!
A95: 45170 | C95: =K94 -> #NUM! | D95: =22.256*C95^0.7153 -> #NUM! | E95: ='Dados de demanda e evaporação'!$D$15 -> 0.126 | F95: =E95*D95 -> #NUM! | G95: =(C95-F95) -> #NUM! | H95: ='Dados de demanda e evaporação'!$B$7 -> 0.6 | I95: =H95*B95*(3600*24) -> 0 | J95: =G95-I95 -> #NUM! | K95: =IF(J95<$D$10,J95,$D$10) -> #NUM!
A96: 45200 | C96: =K95 -> #NUM! | D96: =22.256*C96^0.7153 -> #NUM! | E96: ='Dados de demanda e evaporação'!$D$16 -> 0.1519 | F96: =E96*D96 -> #NUM! | G96: =(C96-F96) -> #NUM! | H96: ='Dados de demanda e evaporação'!$B$7 -> 0.6 | I96: =H96*B96*(3600*24) -> 0 | J96: =G96-I96 -> #NUM! | K96: =IF(J96<$D$10,J96,$D$10) -> #NUM!
A97: 45231 | C97: =K96 -> #NUM! | D97: =22.256*C97^0.7153 -> #NUM! | E97: ='Dados de demanda e evaporação'!$D$17 -> 0.156 | F97: =E97*D97 -> #NUM! | G97: =(C97-F97) -> #NUM! | H97: ='Dados de demanda e evaporação'!$B$7 -> 0.6 | I97: =H97*B97*(3600*24) -> 0 | J97: =G97-I97 -> #NUM! | K97: =IF(J97<$D$10,J97,$D$10) -> #NUM!
A98: 45261 | C98: =K97 -> #NUM! | D98: =22.256*C98^0.7153 -> #NUM! | E98: ='Dados de demanda e evaporação'!$D$18 -> 0.1612 | F98: =E98*D98 -> #NUM! | G98: =(C98-F98) -> #NUM! | H98: ='Dados de demanda e evaporação'!$B$7 -> 0.6 | I98: =H98*B98*(3600*24) -> 0 | J98: =G98-I98 -> #NUM! | K98: =IF(J98<$D$10,J98,$D$10) -> #NUM!
A99: 45292 | C99: =K98 -> #NUM! | D99: =22.256*C99^0.7153 -> #NUM! | E99: ='Dados de demanda e evaporação'!$D79 -> 0 | F99: =E99*D99 -> #NUM! | G99: =(C99-F99) -> #NUM! | H99: ='Dados de demanda e evaporação'!$B$7 -> 0.6 | I99: =H99*B99*(3600*24) -> 0 | J99: =G99-I99 -> #NUM! | K99: =IF(J99<$D$10,J99,$D$10) -> #NUM!
A100: 45323 | C100: =K99 -> #NUM! | D100: =22.256*C100^0.7153 -> #NUM! | E100: ='Dados de demanda e evaporação'!$D80 -> 0 | F100: =E100*D100 -> #NUM! | G100: =(C100-F100) -> #NUM! | H100: ='Dados de demanda e evaporação'!$B$7 -> 0.6 | I100: =H100*B100*(3600*24) -> 0 | J100: =G100-I100 -> #NUM! | K100: =IF(J100<$D$10,J100,$D$10) -> #NUM!
A101: 45352 | C101: =K100 -> #NUM! | D101: =22.256*C101^0.7153 -> #NUM! | E101: ='Dados de demanda e evaporação'!$D81 -> 0 | F101: =E101*D101 -> #NUM! | G101: =(C101-F101) -> #NUM! | H101: ='Dados de demanda e evaporação'!$B$7 -> 0.6 | I101: =H101*B101*(3600*24) -> 0 | J101: =G101-I101 -> #NUM! | K101: =IF(J101<$D$10,J101,$D$10) -> #NUM!
A102: 45383 | C102: =K101 -> #NUM! | D102: =22.256*C102^0.7153 -> #NUM! | E102: ='Dados de demanda e evaporação'!$D82 -> 0 | F102: =E102*D102 -> #NUM! | G102: =(C102-F102) -> #NUM! | H102: ='Dados de demanda e evaporação'!$B$7 -> 0.6 | I102: =H102*B102*(3600*24) -> 0 | J102: =G102-I102 -> #NUM! | K102: =IF(J102<$D$10,J102,$D$10) -> #NUM!
A103: 45413 | C103: =K102 -> #NUM! | D103: =22.256*C103^0.7153 -> #NUM! | E103: ='Dados de demanda e evaporação'!$D83 -> 0 | F103: =E103*D103 -> #NUM! | G103: =(C103-F103) -> #NUM! | H103: ='Dados de demanda e evaporação'!$B$7 -> 0.6 | I103: =H103*B103*(3600*24) -> 0 | J103: =G103-I103 -> #NUM! | K103: =IF(J103<$D$10,J103,$D$10) -> #NUM!

Sheet Dimensionamento polinomial
A1: com equação polinomial grau 2
A4: Volume inicial (m3) | D4: =49086672.63 -> 49086673 | F4: AESA 31/01/2016
A5: Capacidade total de armazenamento | D5: 411686287 | E5: AESA
A6: volume de porão | D6: =8%*$D$5 -> 32934903
A7: Capacidade útil de armazenamento | D7: =D5-D6 -> 3.7875138e+08
A11: Mês | B11: Número de dias do mês | C11: Volume (em m3) | D11: Área (m2) | E11: Evaporação | F11: Volume referente a 8 (m3) | G11: Afluxo Líquido (m3) | H11: Demandas (m3/s) | I11: Volumes das demandas (m3) | J11: Volumes acumulados | K11: Volume final do mês
A12: 44621 | B12: 31 | C12: =$D$4 -> 49086673 | D12: =-7*10^(-9*(C12))^2+0.3302*(C12)+113508 -> 16321927 | E12: ='Dados de demanda e evaporação'!$D8 -> 0.1428 | F12: =E12*D12 -> 2330771.2 | G12: =(C12-F12) -> 46755901 | H12: ='Dados de demanda e evaporação'!$B$7 -> 0.6 | I12: =H12*B12*(3600*24) -> 1607040 | J12: =G12-I12 -> 45148861 | K12: =IF(J12<$D$5,J12,$D$5) -> 45148861
A13: 44652 | B13: 30 | C13: =K12 -> 45148861 | D13: =-7*10^(-9*(C13))^2+0.3302*(C13)+113508 -> 15021662 | E13: ='Dados de demanda e evaporação'!$D9 -> 0.1395 | F13: =E13*D13 -> 2095521.9 | G13: =(C13-F13) -> 43053340 | H13: ='Dados de demanda e evaporação'!$B$7 -> 0.6 | I13: =H13*B13*(3600*24) -> 1555200 | J13: =G13-I13 -> 41498140 | K13: =IF(J13<$D$5,J13,$D$5) -> 41498140
A14: 44682 | B14: 31 | C14: =K13 -> 41498140 | D14: =-7*10^(-9*(C14))^2+0.3302*(C14)+113508 -> 13816194 | E14: ='Dados de demanda e evaporação'!$D10 -> 0.114 | F14: =E14*D14 -> 1575046.1 | G14: =(C14-F14) -> 39923093 | H14: ='Dados de demanda e evaporação'!$B$7 -> 0.6 | I14: =H14*B14*(3600*24) -> 1607040 | J14: =G14-I14 -> 38316053 | K14: =IF(J14<$D$5,J14,$D$5) -> 38316053 | M14: VOLUME MÍNIMO | O14: =MIN(K12:K30) -> 1399588.5
A15: 44713 | B15: 30 | C15: =K14 -> 38316053 | D15: =-7*10^(-9*(C15))^2+0.3302*(C15)+113508 -> 12765469 | E15: ='Dados de demanda e evaporação'!$D11 -> 0.0899 | F15: =E15*D15 -> 1147615.7 | G15: =(C15-F15) -> 37168438 | H15: ='Dados de demanda e evaporação'!$B$7 -> 0.6 | I15: =H15*B15*(3600*24) -> 1555200 | J15: =G15-I15 -> 35613238 | K15: =IF(J15<$D$5,J15,$D$5) -> 35613238
A16: 44743 | B16: 31 | C16: =K15 -> 35613238 | D16: =-7*10^(-9*(C16))^2+0.3302*(C16)+113508 -> 11872999 | E16: ='Dados de demanda e evaporação'!$D12 -> 0.075 | F16: =E16*D16 -> 890474.93 | G16: =(C16-F16) -> 34722763 | H16: ='Dados de demanda e evaporação'!$B$7 -> 0.6 | I16: =H16*B16*(3600*24) -> 1607040 | J16: =G16-I16 -> 33115723 | K16: =IF(J16<$D$5,J16,$D$5) -> 33115723
A17: 44774 | B17: 31 | C17: =K16 -> 33115723 | D17: =-7*10^(-9*(C17))^2+0.3302*(C17)+113508 -> 11048320 | E17: ='Dados de demanda e evaporação'!$D13 -> 0.0806 | F17: =E17*D17 -> 890494.57 | G17: =(C17-F17) -> 32225228 | H17: ='Dados de demanda e evaporação'!$B$7 -> 0.6 | I17: =H17*B17*(3600*24) -> 1607040 | J17: =G17-I17 -> 30618188 | K17: =IF(J17<$D$5,J17,$D$5) -> 30618188
A18: 44805 | B18: 30 | C18: =K17 -> 30618188 | D18: =-7*10^(-9*(C18))^2+0.3302*(C18)+113508 -> 10223634 | E18: ='Dados de demanda e evaporação'!$D14 -> 0.0992 | F18: =E18*D18 -> 1014184.5 | G18: =(C18-F18) -> 29604004 | H18: ='Dados de demanda e evaporação'!$B$7 -> 0.6 | I18: =H18*B18*(3600*24) -> 1555200 | J18: =G18-I18 -> 28048804 | K18: =IF(J18<$D$5,J18,$D$5) -> 28048804
A19: 44835 | B19: 31 | C19: =K18 -> 28048804 | D19: =-7*10^(-9*(C19))^2+0.3302*(C19)+113508 -> 9375223 | E19: ='Dados de demanda e evaporação'!$D15 -> 0.126 | F19: =E19*D19 -> 1181278.1 | G19: =(C19-F19) -> 26867526 | H19: ='Dados de demanda e evaporação'!$B$7 -> 0.6 | I19: =H19*B19*(3600*24) -> 1607040 | J19: =G19-I19 -> 25260486 | K19: =IF(J19<$D$5,J19,$D$5) -> 25260486
A20: 44866 | B20: 30 | C20: =K19 -> 25260486 | D20: =-7*10^(-9*(C20))^2+0.3302*(C20)+113508 -> 8454520.4 | E20: ='Dados de demanda e evaporação'!$D16 -> 0.1519 | F20: =E20*D20 -> 1284241.6 | G20: =(C20-F20) -> 23976244 | H20: ='Dados de demanda e evaporação'!$B$7 -> 0.6 | I20: =H20*B20*(3600*24) -> 1555200 | J20: =G20-I20 -> 22421044 | K20: =IF(J20<$D$5,J20,$D$5) -> 22421044
A21: 44896 | B21: 31 | C21: =K20 -> 22421044 | D21: =-7*10^(-9*(C21))^2+0.3302*(C21)+113508 -> 7516936.8 | E21: ='Dados de demanda e evaporação'!$D17 -> 0.156 | F21: =E21*D21 -> 1172642.1 | G21: =(C21-F21) -> 21248402 | H21: ='Dados de demanda e evaporação'!$B$7 -> 0.6 | I21: =H21*B21*(3600*24) -> 1607040 | J21: =G21-I21 -> 19641362 | K21: =IF(J21<$D$5,J21,$D$5) -> 19641362
A22: 44927 | B22: 31 | C22: =K21 -> 19641362 | D22: =-7*10^(-9*(C22))^2+0.3302*(C22)+113508 -> 6599085.7 | E22: ='Dados de demanda e evaporação'!$D$7 -> 0.1612 | F22: =E22*D22 -> 1063772.6 | G22: =(C22-F22) -> 18577589 | H22: ='Dados de demanda e evaporação'!$B$7 -> 0.6 | I22: =H22*B22*(3600*24) -> 1607040 | J22: =G22-I22 -> 16970549 | K22: =IF(J22<$D$5,J22,$D$5) -> 16970549
A23: 44958 | B23: 28 | C23: =K22 -> 16970549 | D23: =-7*10^(-9*(C23))^2+0.3302*(C23)+113508 -> 5717183.4 | E23: ='Dados de demanda e evaporação'!$D$8 -> 0.1428 | F23: =E23*D23 -> 816413.79 | G23: =(C23-F23) -> 16154136 | H23: ='Dados de demanda e evaporação'!$B$7 -> 0.6 | I23: =H23*B23*(3600*24) -> 1451520 | J23: =G23-I23 -> 14702616 | K23: =IF(J23<$D$5,J23,$D$5) -> 14702616
A24: 44986 | B24: 31 | C24: =K23 -> 14702616 | D24: =-7*10^(-9*(C24))^2+0.3302*(C24)+113508 -> 4968311.7 | E24: ='Dados de demanda e evaporação'!$D$9 -> 0.1395 | F24: =E24*D24 -> 693079.48 | G24: =(C24-F24) -> 14009536 | H24: ='Dados de demanda e evaporação'!$B$7 -> 0.6 | I24: =H24*B24*(3600*24) -> 1607040 | J24: =G24-I24 -> 12402496 | K24: =IF(J24<$D$5,J24,$D$5) -> 12402496
A25: 45017 | B25: 30 | C25: =K24 -> 12402496 | D25: =-7*10^(-9*(C25))^2+0.3302*(C25)+113508 -> 4208812.2 | E25: ='Dados de demanda e evaporação'!$D$10 -> 0.114 | F25: =E25*D25 -> 479804.59 | G25: =(C25-F25) -> 11922691 | H25: ='Dados de demanda e evaporação'!$B$7 -> 0.6 | I25: =H25*B25*(3600*24) -> 1555200 | J25: =G25-I25 -> 10367491 | K25: =IF(J25<$D$5,J25,$D$5) -> 10367491
A26: 45047 | B26: 31 | C26: =K25 -> 10367491 | D26: =-7*10^(-9*(C26))^2+0.3302*(C26)+113508 -> 3536853.7 | E26: ='Dados de demanda e evaporação'!$D$11 -> 0.0899 | F26: =E26*D26 -> 317963.15 | G26: =(C26-F26) -> 10049528 | H26: ='Dados de demanda e evaporação'!$B$7 -> 0.6 | I26: =H26*B26*(3600*24) -> 1607040 | J26: =G26-I26 -> 8442488.3 | K26: =IF(J26<$D$5,J26,$D$5) -> 8442488.3
A27: 45078 | B27: 30 | C27: =K26 -> 8442488.3 | D27: =-7*10^(-9*(C27))^2+0.3302*(C27)+113508 -> 2901217.7 | E27: ='Dados de demanda e evaporação'!$D$12 -> 0.075 | F27: =E27*D27 -> 217591.32 | G27: =(C27-F27) -> 8224897 | H27: ='Dados de demanda e evaporação'!$B$7 -> 0.6 | I27: =H27*B27*(3600*24) -> 1555200 | J27: =G27-I27 -> 6669697 | K27: =IF(J27<$D$5,J27,$D$5) -> 6669697
A28: 45108 | B28: 31 | C28: =K27 -> 6669697 | D28: =-7*10^(-9*(C28))^2+0.3302*(C28)+113508 -> 2315842 | E28: ='Dados de demanda e evaporação'!$D$13 -> 0.0806 | F28: =E28*D28 -> 186656.86 | G28: =(C28-F28) -> 6483040.2 | H28: ='Dados de demanda e evaporação'!$B$7 -> 0.6 | I28: =H28*B28*(3600*24) -> 1607040 | J28: =G28-I28 -> 4876000.2 | K28: =IF(J28<$D$5,J28,$D$5) -> 4876000.2
A29: 45139 | B29: 31 | C29: =K28 -> 4876000.2 | D29: =-7*10^(-9*(C29))^2+0.3302*(C29)+113508 -> 1723563.3 | E29: ='Dados de demanda e evaporação'!$D$14 -> 0.0992 | F29: =E29*D29 -> 170977.47 | G29: =(C29-F29) -> 4705022.7 | H29: ='Dados de demanda e evaporação'!$B$7 -> 0.6 | I29: =H29*B29*(3600*24) -> 1607040 | J29: =G29-I29 -> 3097982.7 | K29: =IF(J29<$D$5,J29,$D$5) -> 3097982.7
A30: 45170 | B30: 30 | C30: =K29 -> 3097982.7 | D30: =-7*10^(-9*(C30))^2+0.3302*(C30)+113508 -> 1136461.9 | E30: ='Dados de demanda e evaporação'!$D$15 -> 0.126 | F30: =E30*D30 -> 143194.2 | G30: =(C30-F30) -> 2954788.5 | H30: ='Dados de demanda e evaporação'!$B$7 -> 0.6 | I30: =H30*B30*(3600*24) -> 1555200 | J30: =G30-I30 -> 1399588.5 | K30: =IF(J30<$D$5,J30,$D$5) -> 1399588.5
A31: 45200 | B31: 31 | C31: =K30 -> 1399588.5 | D31: =-7*10^(-9*(C31))^2+0.3302*(C31)+113508 -> 575652.12 | E31: ='Dados de demanda e evaporação'!$D$16 -> 0.1519 | F31: =E31*D31 -> 87441.557 | G31: =(C31-F31) -> 1312146.9 | H31: ='Dados de demanda e evaporação'!$B$7 -> 0.6 | I31: =H31*B31*(3600*24) -> 1607040 | J31: =G31-I31 -> -294893.07 | K31: =IF(J31<$D$5,J31,$D$5) -> -294893.07
A32: 45231 | B32: 30 | C32: =K31 -> -294893.07 | D32: =-7*10^(-9*(C32))^2+0.3302*(C32)+113508 -> #NUM! | E32: ='Dados de demanda e evaporação'!$D$17 -> 0.156 | F32: =E32*D32 -> #NUM! | G32: =(C32-F32) -> #NUM! | H32: ='Dados de demanda e evaporação'!$B$7 -> 0.6 | I32: =H32*B32*(3600*24) -> 1555200 | J32: =G32-I32 -> #NUM! | K32: =IF(J32<$D$5,J32,$D$5) -> #NUM!
A33: 45261 | B33: 31 | C33: =K32 -> #NUM! | D33: =-7*10^(-9*(C33))^2+0.3302*(C33)+113508 -> #NUM! | E33: ='Dados de demanda e evaporação'!$D$18 -> 0.1612 | F33: =E33*D33 -> #NUM! | G33: =(C33-F33) -> #NUM! | H33: ='Dados de demanda e evaporação'!$B$7 -> 0.6 | I33: =H33*B33*(3600*24) -> 1607040 | J33: =G33-I33 -> #NUM! | K33: =IF(J33<$D$5,J33,$D$5) -> #NUM!
A34: 45292 | B34: 31 | C34: =K33 -> #NUM! | D34: =-7*10^(-9*(C34))^2+0.3302*(C34)+113508 -> #NUM! | E34: ='Dados de demanda e evaporação'!$D$7 -> 0.1612 | F34: =E34*D34 -> #NUM! | G34: =(C34-F34) -> #NUM! | H34: ='Dados de demanda e evaporação'!$B$7 -> 0.6 | I34: =H34*B34*(3600*24) -> 1607040 | J34: =G34-I34 -> #NUM! | K34: =IF(J34<$D$5,J34,$D$5) -> #NUM!
A35: 45323 | B35: 28 | C35: =K34 -> #NUM! | D35: =-7*10^(-9*(C35))^2+0.3302*(C35)+113508 -> #NUM! | E35: ='Dados de demanda e evaporação'!$D$8 -> 0.1428 | F35: =E35*D35 -> #NUM! | G35: =(C35-F35) -> #NUM! | H35: ='Dados de demanda e evaporação'!$B$7 -> 0.6 | I35: =H35*B35*(3600*24) -> 1451520 | J35: =G35-I35 -> #NUM! | K35: =IF(J35<$D$5,J35,$D$5) -> #NUM!
A36: 45352 | B36: 31 | C36: =K35 -> #NUM! | D36: =-7*10^(-9*(C36))^2+0.3302*(C36)+113508 -> #NUM! | E36: ='Dados de demanda e evaporação'!$D$9 -> 0.1395 | F36: =E36*D36 -> #NUM! | G36: =(C36-F36) -> #NUM! | H36: ='Dados de demanda e evaporação'!$B$7 -> 0.6 | I36: =H36*B36*(3600*24) -> 1607040 | J36: =G36-I36 -> #NUM! | K36: =IF(J36<$D$5,J36,$D$5) -> #NUM!
A37: 45383 | B37: 30 | C37: =K36 -> #NUM! | D37: =-7*10^(-9*(C37))^2+0.3302*(C37)+113508 -> #NUM! | E37: ='Dados de demanda e evaporação'!$D$10 -> 0.114 | F37: =E37*D37 -> #NUM! | G37: =(C37-F37) -> #NUM! | H37: ='Dados de demanda e evaporação'!$B$7 -> 0.6 | I37: =H37*B37*(3600*24) -> 1555200 | J37: =G37-I37 -> #NUM! | K37: =IF(J37<$D$5,J37,$D$5) -> #NUM!
A38: 45413 | B38: 31 | C38: =K37 -> #NUM! | D38: =-7*10^(-9*(C38))^2+0.3302*(C38)+113508 -> #NUM! | E38: ='Dados de demanda e evaporação'!$D$11 -> 0.0899 | F38: =E38*D38 -> #NUM! | G38: =(C38-F38) -> #NUM! | H38: ='Dados de demanda e evaporação'!$B$7 -> 0.6 | I38: =H38*B38*(3600*24) -> 1607040 | J38: =G38-I38 -> #NUM! | K38: =IF(J38<$D$5,J38,$D$5) -> #NUM!
A39: 45444 | B39: 30 | C39: =K38 -> #NUM! | D39: =-7*10^(-9*(C39))^2+0.3302*(C39)+113508 -> #NUM! | E39: ='Dados de demanda e evaporação'!$D$12 -> 0.075 | F39: =E39*D39 -> #NUM! | G39: =(C39-F39) -> #NUM! | H39: ='Dados de demanda e evaporação'!$B$7 -> 0.6 | I39: =H39*B39*(3600*24) -> 1555200 | J39: =G39-I39 -> #NUM! | K39: =IF(J39<$D$5,J39,$D$5) -> #NUM!
A40: 45474 | B40: 31 | C40: =K39 -> #NUM! | D40: =-7*10^(-9*(C40))^2+0.3302*(C40)+113508 -> #NUM! | E40: ='Dados de demanda e evaporação'!$D$13 -> 0.0806 | F40: =E40*D40 -> #NUM! | G40: =(C40-F40) -> #NUM! | H40: ='Dados de demanda e evaporação'!$B$7 -> 0.6 | I40: =H40*B40*(3600*24) -> 1607040 | J40: =G40-I40 -> #NUM! | K40: =IF(J40<$D$5,J40,$D$5) -> #NUM!
A41: 45505 | B41: 31 | C41: =K40 -> #NUM! | D41: =-7*10^(-9*(C41))^2+0.3302*(C41)+113508 -> #NUM! | E41: ='Dados de demanda e evaporação'!$D$14 -> 0.0992 | F41: =E41*D41 -> #NUM! | G41: =(C41-F41) -> #NUM! | H41: ='Dados de demanda e evaporação'!$B$7 -> 0.6 | I41: =H41*B41*(3600*24) -> 1607040 | J41: =G41-I41 -> #NUM! | K41: =IF(J41<$D$5,J41,$D$5) -> #NUM!
A42: 45536 | B42: 30 | C42: =K41 -> #NUM! | D42: =-7*10^(-9*(C42))^2+0.3302*(C42)+113508 -> #NUM! | E42: ='Dados de demanda e evaporação'!$D$15 -> 0.126 | F42: =E42*D42 -> #NUM! | G42: =(C42-F42) -> #NUM! | H42: ='Dados de demanda e evaporação'!$B$7 -> 0.6 | I42: =H42*B42*(3600*24) -> 1555200 | J42: =G42-I42 -> #NUM! | K42: =IF(J42<$D$5,J42,$D$5) -> #NUM!
A43: 45566 | B43: 31 | C43: =K42 -> #NUM! | D43: =-7*10^(-9*(C43))^2+0.3302*(C43)+113508 -> #NUM! | E43: ='Dados de demanda e evaporação'!$D$16 -> 0.1519 | F43: =E43*D43 -> #NUM! | G43: =(C43-F43) -> #NUM! | H43: ='Dados de demanda e evaporação'!$B$7 -> 0.6 | I43: =H43*B43*(3600*24) -> 1607040 | J43: =G43-I43 -> #NUM! | K43: =IF(J43<$D$5,J43,$D$5) -> #NUM!
A44: 45597 | B44: 30 | C44: =K43 -> #NUM! | D44: =-7*10^(-9*(C44))^2+0.3302*(C44)+113508 -> #NUM! | E44: ='Dados de demanda e evaporação'!$D$17 -> 0.156 | F44: =E44*D44 -> #NUM! | G44: =(C44-F44) -> #NUM! | H44: ='Dados de demanda e evaporação'!$B$7 -> 0.6 | I44: =H44*B44*(3600*24) -> 1555200 | J44: =G44-I44 -> #NUM! | K44: =IF(J44<$D$5,J44,$D$5) -> #NUM!
A45: 45627 | B45: 31 | C45: =K44 -> #NUM! | D45: =-7*10^(-9*(C45))^2+0.3302*(C45)+113508 -> #NUM! | E45: ='Dados de demanda e evaporação'!$D$18 -> 0.1612 | F45: =E45*D45 -> #NUM! | G45: =(C45-F45) -> #NUM! | H45: ='Dados de demanda e evaporação'!$B$7 -> 0.6 | I45: =H45*B45*(3600*24) -> 1607040 | J45: =G45-I45 -> #NUM! | K45: =IF(J45<$D$5,J45,$D$5) -> #NUM!
A46: 45658 | B46: 31 | C46: =K45 -> #NUM! | D46: =-7*10^(-9*(C46))^2+0.3302*(C46)+113508 -> #NUM! | E46: ='Dados de demanda e evaporação'!$D$7 -> 0.1612 | F46: =E46*D46 -> #NUM! | G46: =(C46-F46) -> #NUM! | H46: ='Dados de demanda e evaporação'!$B$7 -> 0.6 | I46: =H46*B46*(3600*24) -> 1607040 | J46: =G46-I46 -> #NUM! | K46: =IF(J46<$D$5,J46,$D$5) -> #NUM! | L46: NEGATIVO, SECOU COMPLETAMENTE
A47: 45689 | B47: 28 | C47: =K46 -> #NUM! | D47: =-7*10^(-9*(C47))^2+0.3302*(C47)+113508 -> #NUM! | E47: ='Dados de demanda e evaporação'!$D$8 -> 0.1428 | F47: =E47*D47 -> #NUM! | G47: =(C47-F47) -> #NUM! | H47: ='Dados de demanda e evaporação'!$B$7 -> 0.6 | I47: =H47*B47*(3600*24) -> 1451520 | J47: =G47-I47 -> #NUM! | K47: =IF(J47<$D$5,J47,$D$5) -> #NUM!
A48: 45717 | B48: 31 | C48: =K47 -> #NUM! | D48: =-7*10^(-9*(C48))^2+0.3302*(C48)+113508 -> #NUM! | E48: ='Dados de demanda e evaporação'!$D$9 -> 0.1395 | F48: =E48*D48 -> #NUM! | G48: =(C48-F48) -> #NUM! | H48: ='Dados de demanda e evaporação'!$B$7 -> 0.6 | I48: =H48*B48*(3600*24) -> 1607040 | J48: =G48-I48 -> #NUM! | K48: =IF(J48<$D$5,J48,$D$5) -> #NUM!
A49: 45748 | B49: 30 | C49: =K48 -> #NUM! | D49: =-7*10^(-9*(C49))^2+0.3302*(C49)+113508 -> #NUM! | E49: ='Dados de demanda e evaporação'!$D$10 -> 0.114 | F49: =E49*D49 -> #NUM! | G49: =(C49-F49) -> #NUM! | H49: ='Dados de demanda e evaporação'!$B$7 -> 0.6 | I49: =H49*B49*(3600*24) -> 1555200 | J49: =G49-I49 -> #NUM! | K49: =IF(J49<$D$5,J49,$D$5) -> #NUM!
A50: 45778 | B50: 31 | C50: =K49 -> #NUM! | D50: =-7*10^(-9*(C50))^2+0.3302*(C50)+113508 -> #NUM! | E50: ='Dados de demanda e evaporação'!$D$11 -> 0.0899 | F50: =E50*D50 -> #NUM! | G50: =(C50-F50) -> #NUM! | H50: ='Dados de demanda e evaporação'!$B$7 -> 0.6 | I50: =H50*B50*(3600*24) -> 1607040 | J50: =G50-I50 -> #NUM! | K50: =IF(J50<$D$5,J50,$D$5) -> #NUM!
A51: 45809 | B51: 30 | C51: =K50 -> #NUM! | D51: =-7*10^(-9*(C51))^2+0.3302*(C51)+113508 -> #NUM! | E51: ='Dados de demanda e evaporação'!$D$12 -> 0.075 | F51: =E51*D51 -> #NUM! | G51: =(C51-F51) -> #NUM! | H51: ='Dados de demanda e evaporação'!$B$7 -> 0.6 | I51: =H51*B51*(3600*24) -> 1555200 | J51: =G51-I51 -> #NUM! | K51: =IF(J51<$D$5,J51,$D$5) -> #NUM!
A52: 45839 | B52: 31 | C52: =K51 -> #NUM! | D52: =-7*10^(-9*(C52))^2+0.3302*(C52)+113508 -> #NUM! | E52: ='Dados de demanda e evaporação'!$D$13 -> 0.0806 | F52: =E52*D52 -> #NUM! | G52: =(C52-F52) -> #NUM! | H52: ='Dados de demanda e evaporação'!$B$7 -> 0.6 | I52: =H52*B52*(3600*24) -> 1607040 | J52: =G52-I52 -> #NUM! | K52: =IF(J52<$D$5,J52,$D$5) -> #NUM!
A53: 45870 | B53: 31 | C53: =K52 -> #NUM! | D53: =-7*10^(-9*(C53))^2+0.3302*(C53)+113508 -> #NUM! | E53: ='Dados de demanda e evaporação'!$D$14 -> 0.0992 | F53: =E53*D53 -> #NUM! | G53: =(C53-F53) -> #NUM! | H53: ='Dados de demanda e evaporação'!$B$7 -> 0.6 | I53: =H53*B53*(3600*24) -> 1607040 | J53: =G53-I53 -> #NUM! | K53: =IF(J53<$D$5,J53,$D$5) -> #NUM!
A54: 45901 | B54: 30 | C54: =K53 -> #NUM! | D54: =-7*10^(-9*(C54))^2+0.3302*(C54)+113508 -> #NUM! | E54: ='Dados de demanda e evaporação'!$D$15 -> 0.126 | F54: =E54*D54 -> #NUM! | G54: =(C54-F54) -> #NUM! | H54: ='Dados de demanda e evaporação'!$B$7 -> 0.6 | I54: =H54*B54*(3600*24) -> 1555200 | J54: =G54-I54 -> #NUM! | K54: =IF(J54<$D$5,J54,$D$5) -> #NUM!
A55: 45931 | B55: 31 | C55: =K54 -> #NUM! | D55: =-7*10^(-9*(C55))^2+0.3302*(C55)+113508 -> #NUM! | E55: ='Dados de demanda e evaporação'!$D$16 -> 0.1519 | F55: =E55*D55 -> #NUM! | G55: =(C55-F55) -> #NUM! | H55: ='Dados de demanda e evaporação'!$B$7 -> 0.6 | I55: =H55*B55*(3600*24) -> 1607040 | J55: =G55-I55 -> #NUM! | K55: =IF(J55<$D$5,J55,$D$5) -> #NUM!
A56: 45962 | B56: 30 | C56: =K55 -> #NUM! | D56: =-7*10^(-9*(C56))^2+0.3302*(C56)+113508 -> #NUM! | E56: ='Dados de demanda e evaporação'!$D$17 -> 0.156 | F56: =E56*D56 -> #NUM! | G56: =(C56-F56) -> #NUM! | H56: ='Dados de demanda e evaporação'!$B$7 -> 0.6 | I56: =H56*B56*(3600*24) -> 1555200 | J56: =G56-I56 -> #NUM! | K56: =IF(J56<$D$5,J56,$D$5) -> #NUM!
A57: 45992 | B57: 31 | C57: =K56 -> #NUM! | D57: =-7*10^(-9*(C57))^2+0.3302*(C57)+113508 -> #NUM! | E57: ='Dados de demanda e evaporação'!$D$18 -> 0.1612 | F57: =E57*D57 -> #NUM! | G57: =(C57-F57) -> #NUM! | H57: ='Dados de demanda e evaporação'!$B$7 -> 0.6 | I57: =H57*B57*(3600*24) -> 1607040 | J57: =G57-I57 -> #NUM! | K57: =IF(J57<$D$5,J57,$D$5) -> #NUM!
A58: 46023 | B58: 31 | C58: =K57 -> #NUM! | D58: =-7*10^(-9*(C58))^2+0.3302*(C58)+113508 -> #NUM! | E58: ='Dados de demanda e evaporação'!$D$7 -> 0.1612 | F58: =E58*D58 -> #NUM! | G58: =(C58-F58) -> #NUM! | H58: ='Dados de demanda e evaporação'!$B$7 -> 0.6 | I58: =H58*B58*(3600*24) -> 1607040 | J58: =G58-I58 -> #NUM! | K58: =IF(J58<$D$5,J58,$D$5) -> #NUM!
A59: 46054 | B59: 28 | C59: =K58 -> #NUM! | D59: =-7*10^(-9*(C59))^2+0.3302*(C59)+113508 -> #NUM! | E59: ='Dados de demanda e evaporação'!$D$8 -> 0.1428 | F59: =E59*D59 -> #NUM! | G59: =(C59-F59) -> #NUM! | H59: ='Dados de demanda e evaporação'!$B$7 -> 0.6 | I59: =H59*B59*(3600*24) -> 1451520 | J59: =G59-I59 -> #NUM! | K59: =IF(J59<$D$5,J59,$D$5) -> #NUM!
A60: 46082 | B60: 31 | C60: =K59 -> #NUM! | D60: =-7*10^(-9*(C60))^2+0.3302*(C60)+113508 -> #NUM! | E60: ='Dados de demanda e evaporação'!$D$9 -> 0.1395 | F60: =E60*D60 -> #NUM! | G60: =(C60-F60) -> #NUM! | H60: ='Dados de demanda e evaporação'!$B$7 -> 0.6 | I60: =H60*B60*(3600*24) -> 1607040 | J60: =G60-I60 -> #NUM! | K60: =IF(J60<$D$5,J60,$D$5) -> #NUM!
A61: 46113 | B61: 30 | C61: =K60 -> #NUM! | D61: =-7*10^(-9*(C61))^2+0.3302*(C61)+113508 -> #NUM! | E61: ='Dados de demanda e evaporação'!$D$10 -> 0.114 | F61: =E61*D61 -> #NUM! | G61: =(C61-F61) -> #NUM! | H61: ='Dados de demanda e evaporação'!$B$7 -> 0.6 | I61: =H61*B61*(3600*24) -> 1555200 | J61: =G61-I61 -> #NUM! | K61: =IF(J61<$D$5,J61,$D$5) -> #NUM!
A62: 46143 | B62: 31 | C62: =K61 -> #NUM! | D62: =-7*10^(-9*(C62))^2+0.3302*(C62)+113508 -> #NUM! | E62: ='Dados de demanda e evaporação'!$D$11 -> 0.0899 | F62: =E62*D62 -> #NUM! | G62: =(C62-F62) -> #NUM! | H62: ='Dados de demanda e evaporação'!$B$7 -> 0.6 | I62: =H62*B62*(3600*24) -> 1607040 | J62: =G62-I62 -> #NUM! | K62: =IF(J62<$D$5,J62,$D$5) -> #NUM!
A63: 46174 | B63: 30 | C63: =K62 -> #NUM! | D63: =-7*10^(-9*(C63))^2+0.3302*(C63)+113508 -> #NUM! | E63: ='Dados de demanda e evaporação'!$D$12 -> 0.075 | F63: =E63*D63 -> #NUM! | G63: =(C63-F63) -> #NUM! | H63: ='Dados de demanda e evaporação'!$B$7 -> 0.6 | I63: =H63*B63*(3600*24) -> 1555200 | J63: =G63-I63 -> #NUM! | K63: =IF(J63<$D$5,J63,$D$5) -> #NUM!
A64: 46204 | B64: 31 | C64: =K63 -> #NUM! | D64: =-7*10^(-9*(C64))^2+0.3302*(C64)+113508 -> #NUM! | E64: ='Dados de demanda e evaporação'!$D$13 -> 0.0806 | F64: =E64*D64 -> #NUM! | G64: =(C64-F64) -> #NUM! | H64: ='Dados de demanda e evaporação'!$B$7 -> 0.6 | I64: =H64*B64*(3600*24) -> 1607040 | J64: =G64-I64 -> #NUM! | K64: =IF(J64<$D$5,J64,$D$5) -> #NUM!
A65: 46235 | B65: 31 | C65: =K64 -> #NUM! | D65: =-7*10^(-9*(C65))^2+0.3302*(C65)+113508 -> #NUM! | E65: ='Dados de demanda e evaporação'!$D$14 -> 0.0992 | F65: =E65*D65 -> #NUM! | G65: =(C65-F65) -> #NUM! | H65: ='Dados de demanda e evaporação'!$B$7 -> 0.6 | I65: =H65*B65*(3600*24) -> 1607040 | J65: =G65-I65 -> #NUM! | K65: =IF(J65<$D$5,J65,$D$5) -> #NUM!
A66: 46266 | B66: 30 | C66: =K65 -> #NUM! | D66: =-7*10^(-9*(C66))^2+0.3302*(C66)+113508 -> #NUM! | E66: ='Dados de demanda e evaporação'!$D$15 -> 0.126 | F66: =E66*D66 -> #NUM! | G66: =(C66-F66) -> #NUM! | H66: ='Dados de demanda e evaporação'!$B$7 -> 0.6 | I66: =H66*B66*(3600*24) -> 1555200 | J66: =G66-I66 -> #NUM! | K66: =IF(J66<$D$5,J66,$D$5) -> #NUM!
A67: 46296 | B67: 31 | E67: ='Dados de demanda e evaporação'!$D$16 -> 0.1519
A68: 46327 | B68: 30 | E68: ='Dados de demanda e evaporação'!$D$17 -> 0.156
A69: 46357 | B69: 31 | E69: ='Dados de demanda e evaporação'!$D$18 -> 0.1612
A70: 46388 | E70: ='Dados de demanda e evaporação'!$D$7 -> 0.1612
A71: 46419 | E71: ='Dados de demanda e evaporação'!$D$8 -> 0.1428
A72: 46447 | E72: ='Dados de demanda e evaporação'!$D$9 -> 0.1395
A73: 46478 | E73: ='Dados de demanda e evaporação'!$D$10 -> 0.114
A74: 46508 | E74: ='Dados de demanda e evaporação'!$D$11 -> 0.0899
A75: 46539 | E75: ='Dados de demanda e evaporação'!$D$12 -> 0.075
A76: 46569 | E76: ='Dados de demanda e evaporação'!$D$13 -> 0.0806
A77: 46600 | E77: ='Dados de demanda e evaporação'!$D$14 -> 0.0992
A78: 46631 | E78: ='Dados de demanda e evaporação'!$D$15 -> 0.126
A79: 46661 | E79: ='Dados de demanda e evaporação'!$D$16 -> 0.1519
A80: 46692 | E80: ='Dados de demanda e evaporação'!$D$17 -> 0.156
A81: 46722 | E81: ='Dados de demanda e evaporação'!$D$18 -> 0.1612
A82: 46753 | E82: ='Dados de demanda e evaporação'!$D$7 -> 0.1612
A83: 46784 | E83: ='Dados de demanda e evaporação'!$D$8 -> 0.1428
A84: 46813 | E84: ='Dados de demanda e evaporação'!$D$9 -> 0.1395
A85: 46844 | E85: ='Dados de demanda e evaporação'!$D$10 -> 0.114
A86: 46874 | E86: ='Dados de demanda e evaporação'!$D$11 -> 0.0899
A87: 46905 | E87: ='Dados de demanda e evaporação'!$D$12 -> 0.075
A88: 46935 | E88: ='Dados de demanda e evaporação'!$D$13 -> 0.0806
A89: 46966 | E89: ='Dados de demanda e evaporação'!$D$14 -> 0.0992
A90: 46997 | E90: ='Dados de demanda e evaporação'!$D$15 -> 0.126
A91: 47027 | E91: ='Dados de demanda e evaporação'!$D$16 -> 0.1519
A92: 47058 | E92: ='Dados de demanda e evaporação'!$D$17 -> 0.156
A93: 47088 | E93: ='Dados de demanda e evaporação'!$D$18 -> 0.1612
A94: 47119
A95: 47150
A96: 47178
